,url,num_comments,subreddit,created_utc
0,https://www.youtube.com/watch?v=b-aGIvUomTA&ab_channel=SabineHossenfelder,277,Physics,1612861630.0
1,https://www.sciencenews.org/article/quantum-physics-imaginary-numbers-math-reality,274,Physics,1639587533.0
2,https://i.redd.it/xawto6h5xzw21.jpg,262,Physics,1557324974.0
3,https://v.redd.it/mkuod0mt7bm61,246,Physics,1615430490.0
4,http://arstechnica.com/science/2012/10/quantum-entanglement-shows-that-reality-cant-be-local/,186,Physics,1351621183.0
5,http://imgur.com/a/9qANX,178,Physics,1391707202.0
6,https://www-geekwire-com.cdn.ampproject.org/v/s/www.geekwire.com/2018/trump-signs-legislation-back-quantum-computing-research-1-2-billion/amp/?amp_js_v=a2&amp_gsa=1#referrer=https%3A%2F%2Fwww.google.com&amp_tf=From%20%251%24s&ampshare=https%3A%2F%2Fwww.geekwire.com%2F2018%2Ftrump-signs-legislation-back-quantum-computing-research-1-2-billion%2F,173,Physics,1545531244.0
7,https://arxiv.org/abs/1306.4646,167,Physics,1484260733.0
8,https://youtu.be/L5WOnYB2-o8,167,Physics,1593464657.0
9,http://xkcd.com/1240/,164,Physics,1374234455.0
10,https://i.redd.it/a0sciuad7zy71.png,157,Physics,1636640766.0
11,https://spacepub.org/news/ai-reduces-a-100000equation-quantum-physics-problem-to-only-four-equations,155,Physics,1665144723.0
12,https://www.sciencemag.org/news/2020/08/way-universe-ends-not-whimper-bang,136,Physics,1597327816.0
13,https://i.redd.it/d9no3a8fgrr91.jpg,134,Physics,1664876949.0
14,https://v.redd.it/fg3pc065d1q71,133,Physics,1632746801.0
15,https://www.ibm.com/blogs/research/2017/11/the-future-is-quantum/?utm_source=twitter&utm_medium=social&utm_campaign=ibmq&utm_content=2050qubit,130,Physics,1510323553.0
16,https://www.bbc.com/news/uk-scotland-glasgow-west-48971538,129,Physics,1562961684.0
17,http://globalnews.ca/news/2641108/pm-justin-trudeau-gives-reporter-quick-lesson-on-quantum-computing-during-visit-to-waterloo/?utm_source=Article&utm_medium=EditorsPick&utm_campaign=2015,127,Physics,1460757323.0
18,https://news.fnal.gov/2020/12/fermilab-and-partners-achieve-sustained-high-fidelity-quantum-teleportation/,121,Physics,1609689184.0
19,https://news.rice.edu/news/2022/sun-matter-about-3-billion-times-colder-deep-space,120,Physics,1662059469.0
20,http://strawpoll.me/1692129,119,Physics,1400084450.0
21,https://www.newscientist.com/article/mg23531444-600-spontaneous-collapses-may-show-how-to-unite-quantum-theory-and-gravity/,120,Physics,1505947325.0
22,https://medienportal.univie.ac.at/presse/aktuelle-pressemeldungen/detailansicht/artikel/2000-atoms-in-two-places-at-once/,118,Physics,1570013098.0
23,https://www.youtube.com/watch?v=_XHVzEd2gjs,116,Physics,1579538114.0
24,https://news.stanford.edu/2019/07/24/quantum-microphone-counts-particles-sound/,114,Physics,1564313649.0
25,http://www.newscientist.com/article/dn23251-controversial-quantum-computer-aces-entanglement-tests.html,114,Physics,1362774122.0
26,http://www.theglobaldispatch.com/columbia-physics-professor-emlyn-hughes-strips-to-underwear-during-lesson-shows-hitler-and-911-videos-74836/,113,Physics,1361394936.0
27,https://www.independent.co.uk/life-style/gadgets-and-tech/news/quantum-human-scale-ligo-mit-nature-a9596056.html,111,Physics,1593679762.0
28,http://www.cosmonline.co.uk/blog/2010/11/19/time-some-quantum-weirdness,110,Physics,1290506874.0
29,https://theconversation.com/a-new-quantum-paradox-throws-the-foundations-of-observed-reality-into-question-144426,110,Physics,1598673679.0
30,https://www.quantamagazine.org/physics-experiments-spell-doom-for-quantum-collapse-theory-20221020/,108,Physics,1666295942.0
31,https://i.redd.it/o4v4a9m0dqb11.jpg,106,Physics,1532365894.0
32,https://i.redd.it/ugc58vmk2mc41.gif,104,Physics,1579821645.0
33,https://arstechnica.com/science/2021/01/the-curious-observers-guide-to-quantum-mechanics/,103,Physics,1610297048.0
34,https://research.ibm.com/blog/127-qubit-quantum-processor-eagle,103,Physics,1637070174.0
35,https://www.nanotechnologyworld.org/single-post/2018/04/26/Einsteins-spooky-action-goes-massive,102,Physics,1524731305.0
36,http://www.nature.com/nphys/journal/v8/n6/full/nphys2325.html,102,Physics,1368460719.0
37,https://physicsworld.com/a/quantum-entanglement-of-two-macroscopic-objects-is-the-physics-world-2021-breakthrough-of-the-year/,101,Physics,1639491707.0
38,https://v.redd.it/npc59ark9ch41,100,Physics,1581881968.0
39,http://www.nature.com/news/astrophysics-fire-in-the-hole-1.12726,100,Physics,1365015510.0
40,https://www.eurekalert.org/pub_releases/2020-02/uow-qra022620.php,98,Physics,1582861818.0
41,https://v.redd.it/4x5x4ascr1551,99,Physics,1592215192.0
42,https://www.quantamagazine.org/20160119-time-entanglement/,99,Physics,1453245274.0
43,https://www.youtube.com/watch?v=AUyylR5RPZw,98,Physics,1640588802.0
44,http://www.astronomy.com/news/2018/05/the-case-against-dark-matter,95,Physics,1525728926.0
45,http://phys.org/news/2012-05-paper-controversy-nature-quantum-function.html,95,Physics,1336570257.0
46,https://v.redd.it/ln1ip6gntbp01,93,Physics,1522601353.0
47,https://www.simonsfoundation.org/quanta/20130917-a-jewel-at-the-heart-of-quantum-physics/,91,Physics,1379432501.0
48,http://www.youtube.com/watch?v=ZacggH9wB7Y,93,Physics,1358855951.0
49,http://chycho.blogspot.ca/2014/05/best-explanation-of-quantum-field.html,93,Physics,1399210983.0
50,https://www.nature.com/articles/s41586-019-1666-5,92,Physics,1571822809.0
51,https://www.scientificamerican.com/article/ai-designs-quantum-physics-experiments-beyond-what-any-human-has-conceived/,92,Physics,1625554931.0
52,http://backreaction.blogspot.com/2016/11/steven-weinberg-doesnt-like-quantum.html?utm_source=feedburner&utm_medium=feed&utm_campaign=Feed%3A+Backreaction+%28Backreaction%29,92,Physics,1478527167.0
53,http://blogs.scientificamerican.com/critical-opalescence/2013/10/07/does-some-deeper-level-of-physics-underlie-quantum-mechanics-an-interview-with-nobelist-gerard-t-hooft/,91,Physics,1381151810.0
54,https://www.youtube.com/watch?v=VN35r358LLo,89,Physics,1572980502.0
55,http://imgur.com/a/qq6Yd,89,Physics,1434446733.0
56,https://i.redd.it/s04zyivli5z51.png,89,Physics,1605335998.0
57,https://youtu.be/cUzklzVXJwo,88,Physics,1635776406.0
58,https://www.youtube.com/watch?v=iM4SxmZDUY0,88,Physics,1626277209.0
59,http://arstechnica.com/science/2016/07/gravity-doesnt-care-about-quantum-spin/,85,Physics,1468704812.0
60,http://www.physorg.com/news/2011-08-dark-illusion-quantum-vacuum.html,83,Physics,1313115177.0
61,https://www.physicsforums.com/insights/the-7-basic-rules-of-quantum-mechanics/,82,Physics,1557592022.0
62,https://www.france24.com/en/20200724-quantum-loop-us-unveils-blueprint-for-virtually-unhackable-internet,80,Physics,1595611510.0
63,https://www.quantamagazine.org/quantum-leaps-long-assumed-to-be-instantaneous-take-time-20190605/,80,Physics,1559750640.0
64,http://www.preposterousuniverse.com/blog/2016/07/18/space-emerging-from-quantum-mechanics/,79,Physics,1468868379.0
65,https://www.thesciencemag.com/2022/07/record-breaking-experiment-quantum.html,79,Physics,1657718567.0
66,https://www.afp.com/en/news/826/quantum-fifth-state-matter-observed-space-first-time-doc-1t76cp1,78,Physics,1591882909.0
67,http://www.nature.com/news/the-quantum-source-of-space-time-1.18797,78,Physics,1447691178.0
68,https://www.gtoth.eu/Publications/NatCommun20.pdf,78,Physics,1589691657.0
69,https://www.guardianmag.us/2022/11/physicists-uncover-massive-quantum.html,78,Physics,1667301406.0
70,https://www.nature.com/articles/d41586-019-03173-4,78,Physics,1571944985.0
71,https://youtu.be/Usu9xZfabPM,76,Physics,1551219877.0
72,https://thenextweb.com/news/report-googles-betting-big-on-quantum-computing-2022,76,Physics,1641963694.0
73,https://youtu.be/KGJqykotjog,76,Physics,1580804786.0
74,http://www.scientificamerican.com/article.cfm?id=fairly-simple-math-could-bridge-quantum-mechanics-general-relativity&WT.mc_id=SA_WR_20121031,75,Physics,1351962817.0
75,http://tropic.org.uk/~crispin/quantum/,75,Physics,1465299970.0
76,http://blogs.scientificamerican.com/critical-opalescence/2013/11/18/cosmological-data-hint-at-a-level-of-physics-underlying-quantum-mechanics-guest-post/?WT_mc_id=SA_DD_20131119,75,Physics,1384894919.0
77,https://www.smbc-comics.com/comic/quantum-weirdness,74,Physics,1514220734.0
78,https://www.thesciverse.com/2022/07/quantum-digits-unlock-more.html,74,Physics,1658752488.0
79,https://arxiv.org/abs/2101.10873,73,Physics,1615133984.0
80,https://news.fnal.gov/2020/12/fermilab-and-partners-achieve-sustained-high-fidelity-quantum-teleportation/,72,Physics,1608328262.0
81,http://backreaction.blogspot.com/2016/04/new-link-between-quantum-computing-and.html?utm_source=feedburner&utm_medium=feed&utm_campaign=Feed%3A+Backreaction+%28Backreaction%29,72,Physics,1459692768.0
82,https://www.npr.org/2019/04/19/714600205/einsteins-unfinished-revolution-looks-at-the-quantum-physics-and-reality-problem,72,Physics,1555802256.0
83,https://www.youtube.com/watch?v=uPw9nkJAwDY,70,Physics,1549580644.0
84,https://www.youtube.com/watch?v=F6FR08VylO4,70,Physics,1570310700.0
85,http://www.physorg.com/news/2012-02-quantum-physicist-100k-proof-scaled-up.html,70,Physics,1328709843.0
86,http://www.scribd.com/doc/147994207/,70,Physics,1371310782.0
87,https://news.brown.edu/articles/2014/10/electron,69,Physics,1414603582.0
88,http://uk.businessinsider.com/solvay-conference-1927-2015-4?r=US,69,Physics,1429712736.0
89,http://www.nature.com/news/physics-bell-s-theorem-still-reverberates-1.15435,68,Physics,1403180786.0
90,http://www.youtube.com/watch?v=dEaecUuEqfc,67,Physics,1294989727.0
91,http://www.slate.com/articles/health_and_science/mysteries_of_the_universe/2014/02/antimatter_gravity_experiments_could_it_unify_the_standard_model_and_general.html,67,Physics,1392124868.0
92,https://www.eurekalert.org/pub_releases/2021-06/miot-pbh061621.php,66,Physics,1623983437.0
93,https://www.nature.com/articles/s41598-019-56357-3,64,Physics,1577872548.0
94,https://www.snippetscience.com/cosmic-rays-and-ionising-radiation-could-soon-be-a-problem-for-quantum-computing,64,Physics,1602758471.0
95,https://www.ibm.com/blogs/research/2017/09/quantum-molecule/,63,Physics,1505490202.0
96,http://article.sciencepublishinggroup.com/pdf/10.11648.j.nano.20150301.11.pdf,63,Physics,1459255541.0
97,https://physicsworld.com/a/quantum-cheshire-cats-could-have-a-travelling-grin/,63,Physics,1635338994.0
98,https://www.eurekalert.org/pub_releases/2020-06/sflf-tsm061620.php,61,Physics,1592502309.0
99,http://www.preposterousuniverse.com/blog/2015/03/11/what-happens-inside-the-quantum-wave-function/,61,Physics,1426408748.0
100,https://www.youtube.com/watch?v=p7bzE1E5PMY,61,Physics,1490167928.0
101,https://www.youtube.com/watch?v=BMIvWz-7GmU,60,Physics,1460215676.0
102,https://youtu.be/p7bzE1E5PMY,59,Physics,1545184771.0
103,http://phys.org/news/2015-04-scientists-critical-quantum.html,57,Physics,1430308992.0
104,https://www.scientificamerican.com/article/chinese-researchers-achieve-stunning-quantum-entanglement-record/,59,Physics,1532185808.0
105,https://www.privatdozent.co/p/the-golden-age-of-quantum-physics-ff7,59,Physics,1631031042.0
106,https://www.engadget.com/2017/09/26/microsoft-new-coding-language-is-made-for-quantum-computers/,58,Physics,1506442818.0
107,https://youtube.com/watch?v=eCk8aIIEZSg&feature=share,58,Physics,1624362414.0
108,https://www.nature.com/articles/s42005-019-0158-0,57,Physics,1561850742.0
109,https://gizmodo.com/searching-for-dark-matter-with-quantum-computers-one-b-1841476625,57,Physics,1585672072.0
110,https://backreaction.blogspot.com/2020/10/david-bohms-pilot-wave-interpretation.html?utm_source=feedburner&utm_medium=feed&utm_campaign=Feed%3A+Backreaction+%28Backreaction%29,57,Physics,1602937448.0
111,http://www.astronomy.com/news/2018/10/nobel-predictions-three-top-contenders-for-tomorrows-prize-in-physics,56,Physics,1538426637.0
112,https://youtu.be/WIyTZDHuarQ,56,Physics,1478110655.0
113,https://medium.com/the-physics-arxiv-blog/602f88552b64,56,Physics,1399700700.0
114,https://www.quantamagazine.org/quantum-darwinism-an-idea-to-explain-objective-reality-passes-first-tests-20190722/,56,Physics,1563824872.0
115,https://youtu.be/vSFRN-ymfgE,56,Physics,1499446504.0
116,https://v.redd.it/c8xjrufn32o61,55,Physics,1616190942.0
117,http://phys.org/news/2015-12-quantum-physics-problem-unsolvable-godel.html,55,Physics,1449686397.0
118,http://www.bbc.com/news/av/science-environment-40573621/first-object-teleported-to-earth-s-orbit,55,Physics,1499835079.0
119,https://plus.google.com/u/0/117663015413546257905/posts/87iC8XYhubZ,55,Physics,1384994963.0
120,https://www.quantamagazine.org/puzzling-quantum-scenario-appears-not-to-conserve-energy-20220516/,54,Physics,1652727238.0
121,https://aeon.co/essays/uniting-the-mysterious-worlds-of-quantum-physics-and-music,55,Physics,1620306998.0
122,https://news.fnal.gov/2021/02/random-twists-of-place-how-quiet-is-quantum-space-time-at-the-planck-scale/?fbclid=IwAR3Wp6o_iA_M1oJra3fB_cvc8ROmmSqocxjxBMBi-33jOatEycbpNP-7o9E,55,Physics,1628613218.0
123,http://i.imgur.com/I4nwC.png,54,Physics,1316635622.0
124,http://phys.org/news/2013-08-physicist-impossibility-quantum-crystals.html,54,Physics,1377186683.0
125,https://www.youtube.com/watch?v=Ph3d-ByEA7Q,54,Physics,1545400138.0
126,http://www.youtube.com/watch?v=ji0qLol5UAU,54,Physics,1363275095.0
127,http://arxiv.org/abs/1509.03763#,53,Physics,1442503516.0
128,https://youtu.be/lvTqbM5Dq4Q,53,Physics,1556698661.0
129,https://www.thesciverse.com/2022/07/researchers-find-missing-photonic-link.html,52,Physics,1658075543.0
130,https://www.youtube.com/watch?v=5hVmeOCJjOU,52,Physics,1581010941.0
131,http://backreaction.blogspot.de/2017/07/nature-magazine-publishes-comment-on.html?m=1,51,Physics,1499981069.0
132,https://www.youtube.com/watch?v=GlOwJWJWPUs,51,Physics,1582583168.0
133,http://p.migdal.pl/2016/08/15/quantum-mechanics-for-high-school-students.html,51,Physics,1484478727.0
134,https://medium.com/@decodoku/making-a-quantum-computer-smile-cee86a6fc1de,51,Physics,1509616659.0
135,http://backreaction.blogspot.co.uk/2018/04/a-black-hole-merger-merger-merger.html,51,Physics,1524677069.0
136,https://www.wits.ac.za/news/latest-news/research-news/2020/2020-10/diamonds-are-a-quantum-scientists-best-friend.html,50,Physics,1602327517.0
137,https://medium.com/p/462c39db8e7b,50,Physics,1383913575.0
138,http://news.sciencemag.org/sciencenow/2013/05/physicists-create-quantum-link-b.html,50,Physics,1369311375.0
139,https://newsroom.unsw.edu.au/news/science-tech/engineers-crack-58-year-old-puzzle-way-quantum-breakthrough,50,Physics,1584059430.0
140,https://www.discovermagazine.com/the-sciences/scientists-catch-a-quantum-jump-as-it-happens,49,Physics,1577219479.0
141,http://www.extremetech.com/extreme/125885-the-first-universal-quantum-network-built-in-germany,49,Physics,1334249396.0
142,https://www.sciencenews.org/article/experiment-hints-quantum-entanglement-inside-protons,49,Physics,1558281272.0
143,https://www.sciencenews.org/article/antimatter-quantum-theory-particle-wave-double-slit-experiment,48,Physics,1644336489.0
144,https://ray-ph.github.io/quantumQ/,45,Physics,1642429307.0
145,https://physicsworld.com/a/ultracold-atomic-comagnetometer-joins-the-search-for-dark-matter/,47,Physics,1589059105.0
146,http://arxiv.org/abs/1107.3800,47,Physics,1312388039.0
147,http://www.imgur.com/mQTV8.jpg,47,Physics,1303253743.0
148,http://i.imgur.com/vN5J85j.jpg,47,Physics,1367887217.0
149,https://youtube.com/watch?v=wmENFZtXoUU&feature=share,46,Physics,1669377119.0
150,http://www.npr.org/2013/11/01/242356997/einsteins-real-breakthrough-quantum-theory?ft=1&f=1007,46,Physics,1383391401.0
151,http://phys.org/news/2013-05-classical-physics-emerge-quantum.html,46,Physics,1369424790.0
152,https://www.nature.com/articles/d41586-021-01223-4?utm_source=twt_nnc&utm_medium=social&utm_campaign=naturenews,46,Physics,1620419059.0
153,https://www.youtube.com/watch?v=Ws6AAhTw7RA&t=16s,45,Physics,1513003349.0
154,https://i.redd.it/quvapktksec01.jpg,45,Physics,1516971262.0
155,https://www.eurekalert.org/pub_releases/2018-10/thni-wii101118.php,44,Physics,1544386000.0
156,https://thenextweb.com/science/2018/10/29/physicists-might-have-created-quantum-entanglement-in-bacteria/,44,Physics,1541522221.0
157,http://blogs.scientificamerican.com/cross-check/2014/08/21/quantum-gravity-expert-says-philosophical-superficiality-has-harmed-physics/,44,Physics,1408741823.0
158,http://www.wired.com/2014/06/the-new-quantum-reality/,44,Physics,1404131004.0
159,https://science.sciencemag.org/content/367/6475/285,44,Physics,1579233260.0
160,https://www.timesofisrael.com/a-huge-leap-israeli-researchers-build-countrys-first-quantum-computer/,41,Physics,1648016760.0
161,http://arstechnica.com/science/2013/12/a-quantum-revolution-against-feynman-diagrams/,44,Physics,1387377327.0
162,http://i.imgur.com/myYY9zJ.png,44,Physics,1462437139.0
163,https://www.eurekalert.org/pub_releases/2017-10/udg-asp101217.php#.WeFHFY7ZKfo.reddit,44,Physics,1507936170.0
164,https://arxiv.org/pdf/1806.09958.pdf,43,Physics,1530078490.0
165,https://physics.stackexchange.com/questions/386711/couders-walking-droplets-what-are-issues-of-using-its-intuitions-to-interpret,43,Physics,1519798920.0
166,https://www.nature.com/articles/d41586-018-03793-2,43,Physics,1522222655.0
167,https://youtu.be/l26X972zr5E,41,Physics,1651398431.0
168,http://www.astronomie.nl/#!/nova/pers/persberichten/_detail/gli/lofar-discovers-largest-carbon-atoms-outside-our-p/,41,Physics,1414544254.0
169,https://www.youtube.com/watch?v=46owkTBnFx8,41,Physics,1635851380.0
170,http://arxiv.org/abs/quant-ph/0604008,41,Physics,1307607632.0
171,https://v.redd.it/r19vj9ice5b91,40,Physics,1657636607.0
172,https://www.youtube.com/attribution_link?a=wtYS3_xwOqo&u=%2Fwatch%3Fv%3DlaxvZZb9uhU%26feature%3Dshare,40,Physics,1531142859.0
173,https://www.quantamagazine.org/physicists-create-a-wormhole-using-a-quantum-computer-20221130/,39,Physics,1669836755.0
174,https://www.quantamagazine.org/20160517-pilot-wave-theory-gains-experimental-support/,39,Physics,1463506305.0
175,https://medium.com/geekculture/science-and-quantum-computing-are-not-for-all-57a7ec560546,39,Physics,1641242085.0
176,https://spectrum.ieee.org/nanoclast/semiconductors/nanotechnology/new-math-makes-scientists-more-certain-about-quantum-uncertainties,39,Physics,1581565473.0
177,http://www.scientificamerican.com/article.cfm?id=proof-found-for-unifying-quantum,39,Physics,1321330749.0
178,http://www.preposterousuniverse.com/blog/2014/06/30/why-the-many-worlds-formulation-of-quantum-mechanics-is-probably-correct/,39,Physics,1404151177.0
179,http://www.runningcrocodile.fi/articles/simplecompquant.html,38,Physics,1604866142.0
180,http://imgur.com/a/vyLkE,38,Physics,1422118088.0
181,https://v.redd.it/ezm9n3fzpck51,38,Physics,1598885642.0
182,https://www.pnas.org/content/116/45/22413,38,Physics,1573057918.0
183,https://www.quantamagazine.org/universal-quantum-phenomenon-found-in-superconductors-20181119/,38,Physics,1542741360.0
184,https://www.nature.com/articles/d41586-020-03068-9,37,Physics,1604116253.0
185,https://youtu.be/TFP55200MPY,37,Physics,1548803651.0
186,http://www.livescience.com/19268-quantum-double-slit-experiment-largest-molecules.html,37,Physics,1332746547.0
187,https://www.theguardian.com/science/2022/mar/17/quantum-hair-could-resolve-stephen-hawking-black-hole-paradox-say-scientists,37,Physics,1647528106.0
188,https://www.nist.gov/news-events/news/2021/05/nist-team-directs-and-measures-quantum-drum-duet,37,Physics,1620663581.0
189,http://www.tcm.phy.cam.ac.uk/~mdt26/PWT/towler_pilot_waves.pdf,37,Physics,1256823470.0
190,https://www.snippetscience.com/new-method-unscrambles-entangled-light-after-transfer-through-complex-scattering-media,37,Physics,1601896437.0
191,https://youtu.be/Hi0BzqV_b44,37,Physics,1453920667.0
192,http://www.amazon.co.uk/gp/product/1292024089/ref=cm_cr_dpvoterdr?ie=UTF8&keywords=david%20griffiths%20quantum&qid=1430055217&sr=8-1&thanksvoting=cr-vote-R2RETU8UCWHEJR#R2RETU8UCWHEJR.2115.Helpful.Reviews,37,Physics,1430056861.0
193,http://www.quantum-physics.polytechnique.fr/index.html,36,Physics,1514472031.0
194,https://www.youtube.com/watch?v=MzRCDLre1b4,36,Physics,1505312105.0
195,http://thebigbelltest.org/#/science?l=EN,36,Physics,1475682740.0
196,https://doi.org/10.1038/s41586-021-04315-3,36,Physics,1645686473.0
197,https://www.jpl.nasa.gov/news/news.php?feature=7677,36,Physics,1592057739.0
198,https://github.com/Lumorti/The-Quantum-Tunnels,36,Physics,1598010454.0
199,https://v.redd.it/9opuy4mua3j91,36,Physics,1661097760.0
200,http://qcplayground.withgoogle.com/,36,Physics,1401364602.0
201,http://motherboard.vice.com/read/new-measurements-show-that-the-unrealest-part-of-quantum-physics-is-very-real?trk_source=popular,36,Physics,1423221472.0
202,https://www.discovermagazine.com/the-sciences/quantum-physics-is-no-more-mysterious-than-crossing-the-street?fbclid=IwAR3oFAmXheQyIeRjPHwywblPknbpi4rFsMuR21Po65OzmFE3RkpXv1cyqX8,36,Physics,1575331644.0
203,http://www.newscientist.com/article/mg20928054.000-bestever-quantum-measurement-breaks-heisenberg-limit.html?DCMP=OTC-rss&nsref=online-news,35,Physics,1300933518.0
204,https://arxiv.org/abs/2012.03851,35,Physics,1608051769.0
205,https://techbriefly.com/2019/12/29/physicists-demonstrated-first-chip-to-chip-quantum-teleportation/,35,Physics,1577611195.0
206,http://www.physorg.com/news/2012-04-quantum-built-diamond.html,35,Physics,1333599417.0
207,http://pirsa.org/C10030,35,Physics,1412615694.0
208,https://www.physicsforums.com/threads/quantum-mechanics-is-not-weird-unless-presented-as-such.850860/,35,Physics,1452090734.0
209,https://physicsworld.com/a/echoes-of-gravitational-waves-could-point-to-quantum-gravity/,34,Physics,1526390438.0
210,http://motls.blogspot.it/2014/12/every-theory-of-quantum-gravity-is-part.html,34,Physics,1419415836.0
211,https://www.youtube.com/watch?v=kUm4q0UIpio&list=PLdgVBOaXkb9AtG88OsK_c8FDEBDLCC6_9&index=2&t=0s,34,Physics,1586181647.0
212,https://youtu.be/KunEYnIaGGc,34,Physics,1562573650.0
213,https://i.redd.it/yuonyyg44kl31.png,34,Physics,1568029837.0
214,http://www.technologyreview.com/blog/arxiv/26319/?ref=rss,34,Physics,1296202096.0
215,https://www.youtube.com/watch?v=zcqZHYo7ONs,34,Physics,1527416425.0
216,https://www.quantamagazine.org/20160112-string-theory-meets-loop-quantum-gravity/,34,Physics,1452785070.0
217,https://news.uchicago.edu/story/uchicago-scientists-discover-way-make-quantum-states-last-10000-times-longer,33,Physics,1597359621.0
218,http://www.pnas.org/content/early/2016/01/02/1522411112.abstract,33,Physics,1451952463.0
219,https://nautil.us/issue/83/intelligence/how-to-make-sense-of-quantum-physics,33,Physics,1584313553.0
220,https://v.redd.it/pj975ednxik91,33,Physics,1661722993.0
221,https://m.youtube.com/watch?v=ATcrrzJFtBY,33,Physics,1498686904.0
222,https://www.youtube.com/watch?v=o-qqeDUU7HM,33,Physics,1391885868.0
223,https://youtu.be/AoiI507OpEY,33,Physics,1595096927.0
224,https://www.quantamagazine.org/famous-experiment-dooms-pilot-wave-alternative-to-quantum-weirdness-20181011/,32,Physics,1539377998.0
225,https://physics.aps.org/articles/v13/s114,31,Physics,1602156086.0
226,http://phys.org/news/2015-09-physicists-distance-quantum-teleportation.html?quarkcolor=mauve,32,Physics,1442927598.0
227,https://medium.com/the-physics-arxiv-blog/entanglement-makes-quantum-particles-measurably-heavier-says-quantum-theorist-6fbd1e1e3eee,32,Physics,1420649885.0
228,http://news.yale.edu/2015/03/17/opening-window-quantum-gravity,32,Physics,1426623253.0
229,http://www.sciencealert.com.au/news/20142209-26214-2.html,32,Physics,1411490811.0
230,http://www.scribd.com/doc/155186032/,32,Physics,1374448258.0
231,http://www.nature.com/news/race-for-quantum-supremacy-hits-theoretical-quagmire-1.22993,32,Physics,1510582363.0
232,http://physics.aps.org/articles/v9/62,31,Physics,1465307433.0
233,http://arxiv.org/abs/1508.05949,31,Physics,1440574805.0
234,https://www.physicsforums.com/insights/understanding-superposition/,31,Physics,1560171988.0
235,http://www.askamathematician.com/2009/12/q-howwhy-are-quantum-mechanics-and-relativity-incompatible/,31,Physics,1490364942.0
236,http://www.nature.com/news/quantum-bounce-could-make-black-holes-explode-1.15573,31,Physics,1405634410.0
237,https://www.google.com/amp/s/phys.org/news/2022-10-brains-quantum.amp,45,QuantumPhysics,1666525749.0
238,https://i.redd.it/6zvr1anzi2591.jpg,30,QuantumPhysics,1654986483.0
239,https://i.redd.it/61xnfx2t5j871.jpg,28,QuantumPhysics,1625114352.0
240,https://i.redd.it/l4irhfv3r45a1.jpg,20,QuantumPhysics,1670704025.0
241,https://scitechdaily.com/quantum-machine-learning-hits-a-limit-a-black-hole-permanently-scrambles-information-that-cant-be-recovered/,19,QuantumPhysics,1621327958.0
242,https://v.redd.it/q5k92d0hwr171,17,QuantumPhysics,1622169318.0
243,https://www.scottaaronson.com/blog/?p=5359,16,QuantumPhysics,1614961711.0
244,https://phys.org/news/2022-06-duality-physics-mystery.html,15,QuantumPhysics,1654110915.0
245,https://i.redd.it/xpnrpsmfoyt61.jpg,14,QuantumPhysics,1618764498.0
246,https://www.newscientist.com/article/2339283-physicists-found-the-shortest-measurement-to-collapse-a-quantum-state/,15,QuantumPhysics,1664506215.0
247,https://www.wired.com/story/a-puzzling-quantum-scenario-appears-to-violate-a-law-of-physics/,14,QuantumPhysics,1653227919.0
248,https://news.stanford.edu/2021/11/30/time-crystal-quantum-computer/,13,QuantumPhysics,1639437368.0
249,https://i.redd.it/tp6ouqf2zel81.png,11,QuantumPhysics,1646420221.0
250,https://i.redd.it/r31vqn50f9b91.jpg,11,QuantumPhysics,1657666979.0
251,https://www.youtube.com/watch?v=RQv5CVELG3U,10,QuantumPhysics,1635611414.0
252,https://iai.tv/articles/tim-palmer-quantum-theory-eliminates-quantum-uncertainty-auid-2263&utm_source=reddit&_auid=2020,10,QuantumPhysics,1665760152.0
253,https://youtube.com/watch?v=eCk8aIIEZSg&feature=share,10,QuantumPhysics,1624295812.0
254,https://www.reddit.com/gallery/np7wer,9,QuantumPhysics,1622480056.0
255,https://iai.tv/articles/consciousness-is-irrelevant-to-quantum-mechanics-auid-2187&utm_source=reddit&_auid=2020,9,QuantumPhysics,1658270574.0
256,https://interestingengineering.com/a-simple-equation-indicates-wormholes-may-be-the-key-to-quantum-gravity,9,QuantumPhysics,1632874934.0
257,https://scitechdaily.com/quantum-physics-helps-break-dna-and-destroy-cancer-cells/amp/,9,QuantumPhysics,1626376717.0
258,https://physicsworld.com/a/quantum-theory-of-consciousness-put-in-doubt-by-underground-experiment/,8,QuantumPhysics,1658036321.0
259,https://i.redd.it/yc6abthzfjg71.jpg,8,QuantumPhysics,1628604558.0
260,https://youtube.com/watch?v=MmG2ah5Df4g&feature=share,8,QuantumPhysics,1619323215.0
261,https://youtu.be/QPAxzr6ihu8,8,QuantumPhysics,1634245226.0
262,https://www.livescience.com/tardigrade-quantum-entangled-experiment,8,QuantumPhysics,1640974689.0
263,https://arxiv.org/pdf/1510.02742.pdf,8,QuantumPhysics,1619174833.0
264,https://www.youtube.com/watch?v=PYR9worLEGo&list=PLyQeeNuuRLBU1kPBCZMeHQhsWGsWQOG6H,8,QuantumPhysics,1626974074.0
265,https://www.quantamagazine.org/how-big-can-the-quantum-world-be-physicists-probe-the-limits-20210818/,8,QuantumPhysics,1629316986.0
266,https://www.ft.com/content/72c22177-5525-451f-a84f-713da94176a2,7,QuantumPhysics,1665510879.0
267,https://youtu.be/zNVQfWC_evg,7,QuantumPhysics,1628604151.0
268,http://untolduniverse.thespaceacademy.org/2022/10/quantum-weirdness-could-be-driving.html,7,QuantumPhysics,1665006592.0
269,https://youtube.com/watch?v=gF-mf-RfwqQ&feature=share,6,QuantumPhysics,1640989533.0
270,https://www.reddit.com/gallery/10pe50l,6,QuantumPhysics,1675113007.0
271,https://news.mit.edu/2021/motional-ground-state-ligo-0618,5,QuantumPhysics,1624130703.0
272,https://www.quantamagazine.org/physics-experiments-spell-doom-for-quantum-collapse-theory-20221020/,5,QuantumPhysics,1667922442.0
273,https://phys.org/news/2022-07-photonic-link-enable-all-silicon-quantum.html,5,QuantumPhysics,1657803534.0
274,https://www.youtube.com/watch?v=Bt7RVwIFIaY,5,QuantumPhysics,1675105060.0
275,https://ufo-archives.blogspot.com/2021/08/fundamentals-of-quantum-information.html,4,QuantumPhysics,1630359037.0
276,https://arxiv.org/abs/2209.06930,2,QuantumPhysics,1663352773.0
277,https://www.reddit.com/gallery/xmd2c3,4,QuantumPhysics,1663976733.0
278,https://www.needforscience.com/physics/gravitational-waves-is-gravity-a-quantum/,4,QuantumPhysics,1605399248.0
279,https://youtu.be/55c9wkNmfn0,4,QuantumPhysics,1642039680.0
280,https://aeon.co/essays/shut-up-and-calculate-does-a-disservice-to-quantum-mechanics,3,QuantumPhysics,1657447363.0
281,https://youtu.be/-OkwGDKoY0o,3,QuantumPhysics,1655226784.0
282,https://www.clubhouse.com/join/quantum-revolution/NN75eqbP/PGeGV5qVaffect.com,3,QuantumPhysics,1622603571.0
283,https://arxiv.org/pdf/2106.10576.pdf,3,QuantumPhysics,1648940185.0
284,https://phys.org/news/2021-11-microscopy-technique-quantum-simulation,3,QuantumPhysics,1638308723.0
285,https://www.youtube.com/watch?v=l7cx2KPwnIc,3,QuantumPhysics,1606782527.0
286,https://phys.org/news/2022-02-scientists-visualize-electron-crystals-quantum.html,3,QuantumPhysics,1645661530.0
287,https://www.llnl.gov/news/new-research-proves-quantum-computing-errors-correlated-ties-them-cosmic-rays,3,QuantumPhysics,1624903001.0
288,https://www.audible.com/pd/Einsteins-Relativity-and-the-Quantum-Revolution-Modern-Physics-for-Non-Scientists-2nd-Edition-Audiobook/B00D8J46DW?action_code=ASSGB149080119000H&share_location=lib,3,QuantumPhysics,1641068303.0
289,https://www.scientificamerican.com/article/researchers-use-quantum-telepathy-to-win-an-impossible-game/,3,QuantumPhysics,1666713799.0
290,http://untolduniverse.thespaceacademy.org/2022/10/physicists-propose-force-field-to.html,3,QuantumPhysics,1665612554.0
291,https://innovationorigins.com/en/selected/quix-quantum-wins-e14-million-contract-to-deliver-a-photonic-universal-quantum-computer/,3,QuantumPhysics,1664461768.0
292,https://phys.org/news/2022-07-theory-quantum-subsystems.html,2,QuantumPhysics,1658979583.0
293,https://www.youtube.com/watch?v=9crggox5rbc,2,QuantumPhysics,1600813616.0
294,https://www.vice.com/en/article/88qj3z/government-scientists-discover-entirely-new-kind-of-quantum-entanglement-in-breakthrough,2,QuantumPhysics,1674756114.0
295,https://v.redd.it/e81jef6o7tw71,2,QuantumPhysics,1635697287.0
296,https://youtu.be/-6A6myur--c,2,QuantumPhysics,1625169124.0
297,http://untolduniverse.thespaceacademy.org/2022/11/physicists-just-smashed-record-to.html,2,QuantumPhysics,1668461483.0
298,https://www.mdpi.com/2077-0375/11/11/851,2,QuantumPhysics,1635947479.0
299,https://open.spotify.com/episode/2Hxxl82SasrSVlOOkdt2ij?si=qXNOa3V6RL-yAhXuG08uPg,2,QuantumPhysics,1671107662.0
300,https://arxiv.org/abs/2206.10741,2,QuantumPhysics,1656007766.0
301,https://www.uibk.ac.at/en/newsroom/2022/quantum-computer-works-with-more-than-zero-and-one/,2,QuantumPhysics,1659979789.0
302,https://nerdist.com/article/quantum-physics-bird-migration-patterns,2,QuantumPhysics,1624787634.0
303,https://www.wixoos.com/2021/06/quantum-mechanics-birds-magnetic.html,1,QuantumPhysics,1624747888.0
304,https://www.reddit.com/r/ArtificialInteligence/comments/okzrdi/ai_designs_quantum_physics_experiments_beyond/,1,QuantumPhysics,1626376568.0
305,https://sifted.eu/articles/computer-chips-quantum-fingerprints/,1,QuantumPhysics,1621529899.0
306,http://untolduniverse.thespaceacademy.org/2022/09/artificial-intelligence-reduces-100000.html,1,QuantumPhysics,1664222260.0
307,https://www.youtube.com/watch?v=j5HyMNNSGqQ,1,QuantumPhysics,1610494214.0
308,https://news.google.com/articles/CBMiZGh0dHBzOi8vc2NpdGVjaGRhaWx5LmNvbS9icmVha3Rocm91Z2gtZGlzY292ZXJ5LWJyaW5ncy1iaWxsaW9uLXF1Yml0LXF1YW50dW0tY29tcHV0aW5nLWNoaXBzLWNsb3Nlci_SAQA?hl=en-US&gl=US&ceid=US%3Aen,1,QuantumPhysics,1674418955.0
309,https://www.dailymotion.com/video/x84kacj,1,QuantumPhysics,1633090917.0
310,https://phys.org/news/2020-11-ccny-team-quantum-algorithm-breakthrough.html,1,QuantumPhysics,1605316556.0
311,https://www.codex.com/quantum-computing-at-worlds-top-50-innovators-2022/,1,QuantumPhysics,1660928744.0
312,https://news.uchicago.edu/story/uchicago-scientists-discover-way-make-quantum-states-last-10000-times-longer,1,QuantumPhysics,1603137121.0
313,https://youtu.be/dl4nyCXhOr4,1,QuantumPhysics,1636468934.0
314,https://phys.org/news/2022-06-scientists-quantum-processor-emulate-small.html,1,QuantumPhysics,1656002206.0
315,https://www.princeton.edu/news/2021/05/13/new-evidence-electrons-dual-nature-found-quantum-spin-liquid,1,QuantumPhysics,1621318759.0
316,https://youtu.be/q1cPyE9rAD4,1,QuantumPhysics,1665334057.0
317,https://youtu.be/6yWQO51mocA?list=PLEx5khR4g7PJozVmHNpQTVrk1QRC7YaJu,0,QuantumPhysics,1614086359.0
318,https://asvtech352.blogspot.com/2021/04/quantum-computers-will-surpass.html,0,QuantumPhysics,1619411549.0
319,http://posinewz.com/stories/Quantum-dot-layer-pushes-perovskite-solar-cell-efficiency-up-to-25.7-/519/,0,QuantumPhysics,1644194789.0
320,https://www.nature.com/articles/s41586-021-04315-3#Echobox=1645637670,0,QuantumPhysics,1645686030.0
321,https://spectrum.ieee.org/computing/hardware/waiting-for-quantum-computing-try-probabilistic-computing,0,QuantumPhysics,1617740894.0
322,https://phys.org/news/2022-05-intelligent-quantum-sensor-simultaneously-intensity.html,0,QuantumPhysics,1652872248.0
323,https://youtu.be/V4CjyTjSiaA,0,QuantumPhysics,1609574017.0
324,https://www.youtube.com/watch?v=p7XIdFbCQyY,0,QuantumPhysics,1600099112.0
325,https://www.youtube.com/watch?v=IB8NYkaTZ8A,0,QuantumPhysics,1657642183.0
326,https://youtu.be/4SOKcH9aArc,0,QuantumPhysics,1644984881.0
327,http://untolduniverse.thespaceacademy.org/2022/09/nato-using-quantum-technologies-to-make.html,0,QuantumPhysics,1664468599.0
328,https://bigthink.com/13-8/max-planck-birth-quantum-physics/,0,QuantumPhysics,1669248129.0
329,https://physicsworld.com/a/quantum-teleportation-expands-beyond-neighbouring-nodes/,0,QuantumPhysics,1655642272.0
330,https://news.mit.edu/2020/generating-photons-communication-quantum-computing-system-1007,0,QuantumPhysics,1603231511.0
331,https://www.oejournal.org/article/doi/10.29026/oea.2021.200032,0,QuantumPhysics,1645534703.0
332,https://arxiv.org/pdf/1707.07884.pdf,0,QuantumPhysics,1600098777.0
333,https://sci-hub.tw/10.1007/s10946-020-09897-3,0,QuantumPhysics,1600623187.0
334,https://ocw.mit.edu/courses/physics/8-04-quantum-physics-i-spring-2013/lecture-videos/,0,QuantumPhysics,1600120581.0
335,https://rdcu.be/cGN9r,0,QuantumPhysics,1644574245.0
336,https://sifted.eu/articles/iqm-raises-e39m-quantum/,0,QuantumPhysics,1605100700.0
337,https://youtube.com/watch?v=FJVmVT-fCas&feature=share,0,QuantumPhysics,1613687471.0
338,https://arxiv.org/pdf/1905.08255.pdf#page70,0,QuantumPhysics,1600105829.0
339,https://www.youtube.com/watch?v=XTSdPSOcdjI,0,QuantumPhysics,1600682833.0
340,https://www.caltech.edu/about/news/ginsburgs-give-to-create-new-quantum-center-and-building-at-caltech,0,QuantumPhysics,1642704870.0
341,https://arxiv.org/abs/2101.10873,0,QuantumPhysics,1615087683.0
342,https://www.makeitmagazine.net/2021/01/quantum-internet-in-neighborhood-what.html,0,QuantumPhysics,1611399197.0
343,https://www.youtube.com/channel/UC-SsylVl9rrKifO25leR_kA,0,QuantumPhysics,1602702616.0
344,https://www.oejournal.org/article/doi/10.29026/oea.2022.200075,0,QuantumPhysics,1646746049.0
345,https://www.needforscience.com/physics/quantum-information-theory-the-state-of-a-quantum-system/,0,QuantumPhysics,1616195137.0
346,https://www.youtube.com/watch?v=L4Z_Ncdp8xI&list=PLZpmrcpaubqH0nOetwYa1Cz-oxeu7ocH4&index=1,0,QuantumPhysics,1635358715.0
347,https://levelup.gitconnected.com/simulating-chemical-reactions-with-quantum-computing-ca6857264984,0,QuantumPhysics,1617747295.0
348,https://vintologi.com/threads/explanations-for-quantum-entanglement-spooky-action-at-a-distance.557/,36,TheoreticalPhysics,1586180338.0
349,https://www.quantamagazine.org/quantum-tunnel-shows-particles-can-break-the-speed-of-light-20201020/,21,TheoreticalPhysics,1603215281.0
350,https://v.redd.it/u3gqbw84em871,11,TheoreticalPhysics,1625158488.0
351,https://news.umich.edu/u-m-physics-undergraduate-proposes-solution-to-quantum-field-theory-problem/,7,TheoreticalPhysics,1615389501.0
352,https://sciscomedia.co.uk/reverse-time/,6,TheoreticalPhysics,1552471990.0
353,https://phys.org/news/2020-09-evidence-quantum-world-stranger-thought.html,6,TheoreticalPhysics,1599322663.0
354,https://www.youtube.com/watch?v=ntxC5KMC4y0,4,TheoreticalPhysics,1648785452.0
355,https://v.redd.it/7j18zs6ht9o61,4,TheoreticalPhysics,1616337074.0
356,https://www.youtube.com/watch?v=NwIFTPq9zbo,4,TheoreticalPhysics,1628868643.0
357,https://www.nature.com/articles/s41563-020-0780-y,4,TheoreticalPhysics,1597836375.0
358,https://i.redd.it/b0cwrk14ms081.jpg,4,TheoreticalPhysics,1637432542.0
359,https://www.sciencemag.org/news/2020/09/one-quantum-physics-greatest-paradoxes-may-have-lost-its-leading-explanation,4,TheoreticalPhysics,1599498945.0
360,https://physicsworld.com/a/complex-numbers-are-essential-in-quantum-theory-experiments-reveal/,4,TheoreticalPhysics,1641997432.0
361,https://physicstoday.scitation.org/doi/10.1063/PT.3.4679?af=R&,4,TheoreticalPhysics,1612198665.0
362,http://vixra.org/abs/1810.0429,3,TheoreticalPhysics,1567698307.0
363,https://v.redd.it/fg3pc065d1q71,3,TheoreticalPhysics,1632746958.0
364,https://www.quantamagazine.org/major-quantum-computing-strategy-suffers-serious-setbacks-20210929/,3,TheoreticalPhysics,1632943631.0
365,https://www.youtube.com/watch?v=fSVbWwivu5g,3,TheoreticalPhysics,1616171293.0
366,https://arxiv.org/abs/2003.09228,3,TheoreticalPhysics,1585235439.0
367,http://vixra.org/pdf/1304.0168v1.pdf,2,TheoreticalPhysics,1566287531.0
368,https://phys.org/news/2020-11-quantum-magic-squares.html,2,TheoreticalPhysics,1606405845.0
369,https://phys.org/news/2021-01-physicists-theory-dimensional-quantum-liquids.html,2,TheoreticalPhysics,1610997653.0
370,https://medium.com/@roblea_63049/quantum-symmetry-breaking-demonstrated-for-the-first-time-52c0e1dec539,2,TheoreticalPhysics,1559381017.0
371,https://www.quantamagazine.org/a-new-theorem-maps-out-the-limits-of-quantum-physics-20201203/,2,TheoreticalPhysics,1607026362.0
372,https://physics.aps.org/articles/v13/170,2,TheoreticalPhysics,1605036694.0
373,https://physicsworld.com/a/quantum-coherence-turns-up-the-heat-on-maxwells-demon/,2,TheoreticalPhysics,1604002826.0
374,https://v.redd.it/r19vj9ice5b91,2,TheoreticalPhysics,1657637169.0
375,https://www.youtube.com/watch?v=AhF1PqOH2kY&t=251s,2,TheoreticalPhysics,1556879943.0
376,https://www.youtube.com/watch?v=L_o-86wYDp8,2,TheoreticalPhysics,1631646665.0
377,https://arxiv.org/abs/2211.09902,1,TheoreticalPhysics,1669211041.0
378,https://phys.org/news/2020-11-quantifying-quantumness-mathematical-immense-beauty.html,1,TheoreticalPhysics,1605732347.0
379,/r/Physics/comments/gn9ogp/introductory_quantum_gravity_lecture_notes_centro/,1,TheoreticalPhysics,1589974228.0
380,https://physics.aps.org/articles/v13/s134,1,TheoreticalPhysics,1602272113.0
381,https://medium.com/@roblea_63049/exotic-spiralling-electrons-discovered-by-physicists-ed3fbfbd1b44,1,TheoreticalPhysics,1550662758.0
382,https://www.physicsforums.com/insights/a-first-idea-of-quantum-field-theory/,1,TheoreticalPhysics,1511294433.0
383,https://www.mdpi.com/1099-4300/24/12/1740,1,TheoreticalPhysics,1674390648.0
384,https://medium.com/@roblea_63049/quantum-controlled-solids-probing-the-boundary-between-quantum-and-classical-physics-5fa4c2f2ce0f?source=friends_link&sk=84b279cb5973673f31473deb92374d8a,1,TheoreticalPhysics,1580568319.0
385,https://www.needforscience.com/physics/quantum-information-theory-the-state-of-a-quantum-system/,0,TheoreticalPhysics,1615936216.0
386,https://phys.org/news/2020-09-limits-efficiency-techniques-noise-quantum.html,0,TheoreticalPhysics,1599644114.0
387,https://physics.aps.org/articles/v13/s105,0,TheoreticalPhysics,1596805815.0
388,https://physicsworld.com/a/advantage-zoom-video-call-is-powered-by-googles-quantum-computer/,0,TheoreticalPhysics,1617302303.0
389,https://physics.aps.org/articles/v13/109,0,TheoreticalPhysics,1594679306.0
390,https://physics.stackexchange.com/questions/526439/wick-rotated-quantum-computers-e-g-to-be-realized-with-ising-like-system,0,TheoreticalPhysics,1579684307.0
391,https://physicsworld.com/a/discrete-time-crystals-could-boost-quantum-simulations/,0,TheoreticalPhysics,1604670931.0
392,https://www.nature.com/articles/d41586-020-02230-7,0,TheoreticalPhysics,1596367997.0
393,https://medium.com/alexandria-science/quantum-measurements-may-be-helped-by-coincidence-8ccbdeafd67e?sk=722fd573ff47a96a1496ac52cb3093a5,0,TheoreticalPhysics,1555667317.0
394,https://www.youtube.com/watch?v=K9Tsk0Efa_o,0,TheoreticalPhysics,1548466493.0
395,https://doi.org/10.1140/epjqt/s40507-022-00126-1,0,TheoreticalPhysics,1644582369.0
396,https://en.wikipedia.org/wiki/Maximal_Entropy_Random_Walk,0,TheoreticalPhysics,1495261986.0
397,https://physics.aps.org/articles/v13/129,0,TheoreticalPhysics,1597870936.0
398,https://www.youtube.com/watch?v=i-mStC-E1l0,0,TheoreticalPhysics,1495694464.0
399,https://www.quantamagazine.org/quantum-mischief-rewrites-the-laws-of-cause-and-effect-20210311/,0,TheoreticalPhysics,1615489242.0
400,https://www.physicsforums.com/insights/how-quantum-information-theorists-revealed-the-relativity-principle-at-the-foundation-of-quantum-mechanics/,0,TheoreticalPhysics,1627304794.0
401,https://physics.aps.org/articles/v13/s114,0,TheoreticalPhysics,1599666981.0
402,https://www.quantamagazine.org/gravitons-revealed-in-the-noise-of-gravitational-waves-20200723/,0,TheoreticalPhysics,1595532930.0
403,https://physics.aps.org/articles/v13/s92,0,TheoreticalPhysics,1594395499.0
404,https://youtube.com/watch?v=9bVICtAvAno&feature=share,0,TheoreticalPhysics,1635871939.0
405,https://phys.org/news/2020-07-quantum-physicists-mystery-strange-metals.html,0,TheoreticalPhysics,1595765258.0
406,https://physics.aps.org/articles/v13/104,0,TheoreticalPhysics,1593953390.0
407,https://arxiv.org/abs/2009.04990,0,TheoreticalPhysics,1599993262.0
408,https://medium.com/predict/quantum-computing-stability-granted-by-artificial-atoms-b93b40f0af05?source=friends_link&sk=ec52534b43df9bcbb6b487d825420103,0,TheoreticalPhysics,1581423639.0
409,https://news.fnal.gov/2021/02/random-twists-of-place-how-quiet-is-quantum-space-time-at-the-planck-scale/,0,TheoreticalPhysics,1613411486.0
410,https://www.needforscience.com/physics/gravitational-waves-is-gravity-a-quantum/,0,TheoreticalPhysics,1602279010.0
411,/r/Physics/comments/gsswbj/beyond_spacetime_the_foundations_of_quantum/,0,TheoreticalPhysics,1590840179.0
412,https://www.quantamagazine.org/john-preskill-quantum-computing-may-help-us-study-quantum-gravity-20200715/,0,TheoreticalPhysics,1594914244.0
413,https://www.mpq.mpg.de/6365594/11-next-phase-of-the-proton-puzzle,0,TheoreticalPhysics,1606501840.0
414,https://www.preposterousuniverse.com/blog/2021/01/28/energy-conservation-and-non-conservation-in-quantum-mechanics/,0,TheoreticalPhysics,1611854025.0
415,https://www.nottingham.ac.uk/news/new-quantum-theory-heats-up-thermodynamic-research,0,TheoreticalPhysics,1614984691.0
416,https://daily.jstor.org/the-quantum-random-number-generator/,167,math,1558585451.0
417,https://www.theregister.com/2021/10/01/quantum_computing_future/,110,math,1633084907.0
418,https://www.quantamagazine.org/graduate-student-solves-quantum-verification-problem-20181008/,102,math,1539015865.0
419,https://youtu.be/MBnnXbOM5S4,65,math,1519518415.0
420,https://arstechnica.com/information-technology/2022/08/sike-once-a-post-quantum-encryption-contender-is-koed-in-nist-smackdown/,62,math,1659453411.0
421,https://www.quantamagazine.org/a-new-approach-to-multiplication-opens-the-door-to-better-quantum-computers-20190424/?fbclid=IwAR3NEQuk1RhKAp2ZPgNKa6cwzcLg2YSxzX_dsVFlEkdZNQMUvq7jp6LuWuI,49,math,1556119726.0
422,https://www.quantamagazine.org/in-quantum-games-theres-no-way-to-play-the-odds-20190401/,46,math,1554134047.0
423,https://www.quantamagazine.org/mathematicians-prove-2d-version-of-quantum-gravity-really-works-20210617/,41,math,1623943327.0
424,https://www.quantamagazine.org/20170404-quantum-physicists-attack-the-riemann-hypothesis/,40,math,1491428482.0
425,https://www.nist.gov/news-events/news/2022/07/nist-announces-first-four-quantum-resistant-cryptographic-algorithms,38,math,1657159730.0
426,https://www.scientificamerican.com/article/are-quantum-computers-about-to-break-online-privacy/,36,math,1673418084.0
427,https://www.quantamagazine.org/post-quantum-cryptography-scheme-is-cracked-on-a-laptop-20220824/,36,math,1661349549.0
428,http://phys.org/news/2013-03-quantum-algorithm-prime.html,35,math,1364299537.0
429,http://www.cs.cornell.edu/~nietert/blog/2020/01/21/a-curious-connection-between-quantum-information-and-finite-geometry/,32,math,1579646708.0
430,https://jpmacmanus.me/2019/08/11/quantumsearch.html,32,math,1565557580.0
431,https://youtu.be/IrbJYsep45E,28,math,1487280537.0
432,https://medium.com/the-physics-arxiv-blog/the-mathematical-trick-that-helped-smash-the-record-for-the-largest-number-ever-factorised-by-a-77fde88499,28,math,1417589862.0
433,https://www.scientificamerican.com/article/ai-designs-quantum-physics-experiments-beyond-what-any-human-has-conceived/,26,math,1625619243.0
434,http://www.technologyreview.com/blog/arxiv/27522/,26,math,1327487850.0
435,https://www.quantamagazine.org/gil-kalais-argument-against-quantum-computers-20180207/,26,math,1518045995.0
436,https://youtu.be/MzRCDLre1b4,24,math,1505311787.0
437,https://mathematicalgarden.wordpress.com/2008/12/15/what-is-q-calculus/,22,math,1507955454.0
438,https://www.sharelatex.com/project/587477434fa3ca7871c49b16,19,math,1485111908.0
439,https://quantum.country/qcvc,19,math,1561488975.0
440,http://motls.blogspot.com/2013/04/why-quantum-mechanics-cant-be-any.html,17,math,1365824866.0
441,http://www.cambridge.org/us/academic/subjects/physics/quantum-physics-quantum-information-and-quantum-computation/picturing-quantum-processes-first-course-quantum-theory-and-diagrammatic-reasoning?format=HB&isbn=9781107104228,17,math,1490833894.0
442,https://docs.google.com/file/d/0B7W7R9id2Fovek9ZODZUdEtJQm8/edit?usp=sharing,17,math,1376671995.0
443,https://plus.google.com/101584889282878921052/posts/9sKMLRJYjna,15,math,1401672550.0
444,http://nautil.us/issue/69/patterns/the-math-that-takes-newton-into-the-quantum-world,14,math,1551410516.0
445,http://www.scottaaronson.com/blog/?p=208,14,math,1290786586.0
446,http://www.smbc-comics.com/?id=3961,13,math,1450542125.0
447,http://youtu.be/b8AX7QN68bw,12,math,1415890731.0
448,http://johncarlosbaez.wordpress.com/2014/05/03/noethers-theorem-quantum-vs-stochastic/,12,math,1401270456.0
449,http://phys.org/news/2015-11-derivation-pi-links-quantum-physics.html,10,math,1447188894.0
450,http://www.youtube.com/watch?v=8bLXHvH9s1A,10,math,1309966823.0
451,http://rjlipton.wordpress.com/2010/08/02/quantum-algorithms-via-linear-algebra/,10,math,1280752829.0
452,http://chycho.blogspot.ca/2014/05/best-explanation-of-quantum-field.html,7,math,1399224662.0
453,https://www.newscientist.com/article/2227387-quantum-computer-sets-new-record-for-finding-prime-number-factors/,6,math,1576284944.0
454,http://bartoszmilewski.com/2013/07/29/quantum-homotopy-computer/,6,math,1375142366.0
455,http://www.ams.org/featurecolumn/archive/prime-chaos.html,6,math,1222176229.0
456,https://www.youtube.com/watch?v=iwvl0tBJhoM,6,math,1565176592.0
457,http://decodoku.blogspot.ch/2016/03/game.html,6,math,1458651952.0
458,https://arxiv.org/abs/2212.01642,5,math,1670377229.0
459,http://nautil.us/blog/how-classical-cryptography-will-survive-quantum-computers?utm_source=RSS_Feed&utm_medium=RSS&utm_campaign=RSS_Syndication,5,math,1488313145.0
460,http://sms.cam.ac.uk/collection/545358,5,math,1242120634.0
461,http://www.cs.virginia.edu/~robins/Computing_with_Quantum_Knots.pdf,5,math,1490182180.0
462,http://xorshammer.com/2010/02/17/quantish-physics-a-discrete-model-of-quantum-physics/,5,math,1266438974.0
463,https://www.youtube.com/watch?v=IrbJYsep45E,5,math,1487279747.0
464,https://physicslearning.colorado.edu/tasi/tasi_2019/tasi_2019.html,5,math,1563303382.0
465,http://arxivblog.com/?p=740,5,math,1231514362.0
466,https://www.quantamagazine.org/using-the-bootstrap-physicists-uncover-geometry-of-theory-space-20170223/,4,math,1520658037.0
467,http://www.dm.unibo.it/~fioresi/raja/p-adic-spacetime.pdf,3,math,1507594546.0
468,http://www.maa.org/mathland/mathtrek_3_26_01.html,3,math,1316514534.0
469,http://quantumfrontiers.com/2014/10/26/generally-speaking/,3,math,1414414503.0
470,http://www.wired.com/wiredscience/2013/02/math-and-nature-universality/all/,3,math,1360193462.0
471,https://arxiv.org/abs/1705.06206?06206,3,math,1495139837.0
472,https://medium.com/the-physics-arxiv-blog/7ef5eea6fd7a,3,math,1396632275.0
473,https://www.eurekalert.org/pub_releases/2017-02/wsu-wmb022817.php#.WLXqfzThQZA.reddit,3,math,1488317083.0
474,https://phys.org/news/2021-08-riemann-zeros-accurately.html,3,math,1628700281.0
475,https://www.sciencenews.org/blog/context/quantum-math-makes-human-irrationality-more-sensible,2,math,1404886525.0
476,https://www.ams.org/journals/notices/201909/rnoti-p1412.pdf,2,math,1568908245.0
477,http://www.mat.univie.ac.at/~gerald/ftp/book-schroe/index.html,2,math,1268894098.0
478,https://youtu.be/xmgRbUno4bY,2,math,1588284764.0
479,https://imgur.com/gallery/bLxBR5a,2,math,1587397642.0
480,https://arxiv.org/abs/1901.03186,2,math,1547172705.0
481,https://www.quantamagazine.org/milestone-experiment-proves-quantum-communication-really-is-faster-20181219/,1,math,1545418468.0
482,http://arxiv.org/abs/0910.3347,1,math,1403782754.0
483,https://www.reed.edu/reed-magazine/articles/2019/quantum-hall-problem.html,1,math,1547578189.0
484,https://www.youtube.com/watch?v=_XHVzEd2gjs,1,math,1579540815.0
485,https://arxiv.org/abs/2001.04383,1,math,1578969085.0
486,http://decodoku.blogspot.ch/2016/05/quantum-error-correction-puzzle.html,1,math,1464618429.0
487,http://math-blog.com/2010/10/03/the-quantum-mystics/,1,math,1286198684.0
488,http://scitation.aip.org/content/aip/journal/jmp/56/11/10.1063/1.4930800,1,math,1447874550.0
489,https://www.youtube.com/watch?v=O-VjPiZYvHo,1,math,1551978433.0
490,https://phys.org/news/2018-04-quantum-simulator-faster-route-prime.html,1,math,1523404804.0
491,https://www.youtube.com/attribution_link?a=tZ3-O2OR-oo&u=%2Fwatch%3Fv%3DV5kgruUjVBs%26feature%3Dshare,1,math,1531360045.0
492,https://www.aalto.fi/en/news/a-peculiar-protected-structure-links-viking-knots-with-quantum-vortices,1,math,1670993277.0
493,https://www.quantamagazine.org/the-universes-ultimate-complexity-revealed-by-simple-quantum-games-20190305/,1,math,1551805417.0
494,http://blog.computationalcomplexity.org/2009/08/is-quantum-new-random.html,1,math,1250115847.0
495,https://youtu.be/TV5oiBtu8AQ,1,math,1500489176.0
496,http://math.nist.gov/quantum/zoo/,1,math,1489864680.0
497,https://arxiv.org/abs/1705.06206,1,math,1495274344.0
498,https://vimeo.com/39639153,1,math,1441504372.0
499,https://www.bbc.co.uk/programmes/m000fw0p,1,math,1583516819.0
500,http://fqxi.org/community/forum/topic/2369,1,math,1425094038.0
501,http://tinyurl.com/pu4duz,0,math,1242843691.0
502,https://www.scottaaronson.com/blog/?p=4432,0,math,1574921888.0
503,http://ldtopology.wordpress.com/2011/06/26/hopf-algebra-structure-on-3-manifolds/,0,math,1309607920.0
504,http://www.scienceforums.net/topic/39454-time-optimal-quantum-control-theory/,0,math,1306031456.0
505,http://www.ams.org/publications/journals/notices/201605/rnoti-p508.pdf,0,math,1461585056.0
506,http://www.qmul.ac.uk/media/news/items/se/152414.html,0,math,1429795994.0
507,https://quantumfrontiers.com/2019/05/08/the-complexity-of-mosaics/,0,math,1557770091.0
508,http://egtheory.wordpress.com/2013/12/16/negative-adversary-method/,0,math,1387284887.0
509,http://www.reddit.com/r/askscience/comments/14uclz/nprs_science_friday_wants_you_to_ask_a_quantum/,0,math,1355509994.0
510,http://www.newscientist.com/article/mg20126973.900-how-camels-could-explain-quantum-uncertainty.html,0,math,1235766172.0
511,http://arxiv.org/abs/1301.7007,0,math,1360064307.0
512,http://xorshammer.wordpress.com/2008/12/11/a-simple-introduction-to-quantum-groups/,0,math,1229107337.0
513,http://arxiv.org/abs/1109.0955v2,0,math,1384478182.0
514,http://tvtropes.org/pmwiki/pmwiki.php/JustForFun/QuantumMariahCareyProblem?from=Main.QuantumMariahCareyProblem,0,math,1314073949.0
515,http://www.ams.org/notices/200411/fea-applebaum.pdf,0,math,1431552941.0
516,http://www.physorg.com/news142834558.html,0,math,1223665952.0
517,http://www.ams.org/samplings/feature-column/fc-current.cgi,0,math,1569955381.0
518,https://www.math3ma.com/blog/a-first-look-at-quantum-probability-part-1,0,math,1563528111.0
519,http://www.perimeterinstitute.ca/videos/coalgebras-models-and-logics-quantum-systems,0,math,1381903079.0
520,http://upload.wikimedia.org/wikipedia/en/c/cd/Quantum_Reality_Buckyball.jpg,0,math,1306575199.0
521,http://math-blog.com/2010/09/14/quantum-catfight/,0,math,1284479705.0
522,http://cstheory.stackexchange.com/q/2136/1037/,0,math,1390801422.0
523,http://arxiv.org/abs/0812.0380,0,math,1264049677.0
524,http://arxiv.org/PS_cache/arxiv/pdf/0801/0801.2826v1.pdf,0,math,1308288719.0
