,0
0,https://www.uni-goettingen.de/en/3240.html?id=6192
1,http://journals.aps.org/prl/abstract/10.1103/PhysRevLett.117.060504
2,https://newatlas.com/telecommunications/quantum-entanglement-atoms-distance-record/
3,https://www.eurekalert.org/pub_releases/2019-03/miop-prt031119.php
4,http://phys.org/news/2015-10-zeno-effect-verifiedatoms-wont.html
5,http://www.sciencedaily.com/releases/2015/05/150527103110.htm
6,https://www.japantimes.co.jp/news/2017/09/24/national/science-health/university-tokyo-pair-invent-loop-based-quantum-computing-technique/#.WcjdkXp_Xxw
7,https://www.sciencenews.org/article/google-quantum-computer-supremacy-claim?utm_source=Reddit&utm_medium=social&utm_campaign=r_science
8,https://www.eurekalert.org/pub_releases/2019-06/ynu-rti062519.php
9,http://www.nytimes.com/2014/05/30/science/scientists-report-finding-reliable-way-to-teleport-data.html?_r=1
10,http://fqxi.org/community/forum/topic/2581
11,http://science.nbcnews.com/_news/2013/03/15/17327430-quantum-interaction-10000-times-faster-than-light#.UVbu2wmxnOU.reddit
12,https://www.nature.com/articles/d41586-021-01223-4?utm_source=twt_nnc&utm_medium=social&utm_campaign=naturenews
13,https://www.zdnet.com/article/samsung-develops-method-for-self-emissive-qled/
14,http://qz.com/121143/toshiba-has-invented-a-quantum-cryptography-network-that-even-the-nsa-cant-hack/
15,http://blogs.discovermagazine.com/d-brief/2016/09/19/quantum-teleportation-enters-real-world/#.V-BfGz4rKX0
16,http://arstechnica.com/science/2012/08/open-air-quantum-teleportation-performed-across-a-97km-lake/
17,https://newsroom.unsw.edu.au/news/science-tech/hot-qubits-made-sydney-break-one-biggest-constraints-practical-quantum-computers
18,https://www.bloomberg.com/news/articles/2017-09-13/ibm-makes-breakthrough-in-race-to-commercialize-quantum-computers
19,https://www.sciencenews.org/article/quantum-physics-imaginary-numbers-math-reality
20,http://factor-tech.com/connected-world/21062-a-fundamental-quantum-physics-problem-has-been-proved-unsolvable/
21,http://www.zmescience.com/research/ibm-quantum-computer-28022012/
22,https://www.scientificamerican.com/article/trapping-the-tiniest-sound/
23,http://www.livescience.com/17264-quantum-entanglement-macroscopic-diamonds.html
24,http://www.newscientist.com/article/dn22336-quantum-measurements-leave-schrodingers-cat-alive.html
25,https://physics.aps.org/articles/v15/29
26,http://phys.org/news/2015-11-quantum-entanglement-room-temperature-semiconductor.html
27,http://213.251.145.96/cable/2010/02/10BEIJING263.html
28,http://www.lanl.gov/discover/news-release-archive/2018/April/0402-topological-order-spin-ice.php?source=newsroom
29,https://news.st-andrews.ac.uk/archive/ancient-namibian-stone-holds-key-to-future-quantum-computers/
30,http://www.cam.ac.uk/research/news/mathematical-breakthrough-sets-out-rules-for-more-effective-teleportation/
31,https://www.the-scientist.com/news-opinion/new-study-fuels-debate-about-source-of-birds-magnetic-sense-68917
32,https://www.stevens.edu/news/quantum-future-which-starship-destroys-other
33,http://news.harvard.edu/gazette/story/2014/04/flipping-the-switch/
34,http://news.rice.edu/2017/12/18/rice-u-physicists-discover-new-type-of-quantum-material/#.WjmT1PfBETw.reddit
35,http://www.newscientist.com/article/dn23611-quantum-gravity-takes-singularity-out-of-black-holes.html
36,http://www.eurekalert.org/pub_releases/2012-07/uotf-bbu072712.php
37,http://physics.aps.org/articles/v9/25
38,https://www.nature.com/articles/s41586-020-2103-5
39,http://www.neuroquantology.com/repository/index.php?option=com_content&view=article&id=65:honeybees-are-found-to-interact-with-quantum-fields&catid=59:quantum-field-theory-in-brain&Itemid=70
40,https://news.ku.dk/all_news/2021/06/new-invention-keeps-qubits-of-light-stable-at-room-temperature/
41,http://www.wired.com/wiredscience/2011/01/quantum-birds/
42,https://www.nature.com/articles/d41586-021-00591-1
43,http://www.eurekalert.org/pub_releases/2012-10/uov-qcr100212.php
44,https://news.griffith.edu.au/2020/08/18/new-quantum-paradox-reveals-contradiction-between-widely-held-beliefs/
45,http://arstechnica.com/science/2012/12/quantum-networks-may-be-more-realistic-than-we-thought/
46,http://fqxi.org/community/articles/display/129
47,http://www.fqxi.org/community/articles/display/117
48,http://www.theguardian.com/environment/2014/jun/10/gm-mosquitos-malaria-genetic-modification?CMP=twt_gu
49,https://newatlas.com/physics/new-state-matter-superconductivity-electron-family/
50,http://scienceblogs.com/startswithabang/2012/10/17/have-we-reached-the-end-of-particle-physics/
51,http://www.newgrounds.com/portal/viewer.php?id=525347&key=WzOgInXzhtOzVxbStiOGYyNzIxOWYzQjYxNTIrNl9xN2IwNTE7QjUzQlYxOzJWMzJiMjI2ZjYrVnFfOTkxbTk5MzMyNTkwNw%3D%3D&sandboxid=4b7198fbbfdc1
52,https://physicsworld.com/a/quantum-teleportation-expands-beyond-neighbouring-nodes/
53,http://news.meta.com/2015/12/02/stablequantum/
54,http://www.nature.com/news/2009/090628/full/news.2009.603.html
55,http://phys.org/news/2013-01-qubit-bodes-future-quantum.html
56,https://news.harvard.edu/gazette/story/2021/07/harvard-led-physicists-create-256-qubit-programmable-quantum-simulator/
57,https://www.simonsfoundation.org/quanta/20131107-physicists-eye-quantum-gravity-interface/
58,http://arxiv.org/abs/1302.6165
59,http://www.aalto.fi/en/current/news/2016-01-14-005/
60,http://www.eurekalert.org/pub_releases/2013-11/uoo-qwr111313.php
61,https://newatlas.com/electronics/absolute-quantum-speed-limit-electronics/
62,https://www.quantamagazine.org/where-gravity-is-weak-and-naked-singularities-are-verboten-20170620/
63,http://www.newscientist.com/article/mg19726391.500-is-time-an-illusion.html?full=true
64,http://www.newscientist.com/article/mg21328495.200-first-quantum-jiggles-detected-in-solid-object.html
65,https://www.newscientist.com/article/2231968-this-tiny-glass-bead-has-been-quantum-chilled-to-near-absolute-zero/
66,http://www.telegraph.co.uk/science/7904712/Quantum-time-machine-allows-paradox-free-time-travel.html
67,http://discovermagazine.com/2009/sep/06-discover-interview-roger-penrose-says-physics-is-wrong-string-theory-quantum-mechanics?
68,https://www.sciencenews.org/article/alien-quantum-communication-extraterrestrial-communication-signal
69,http://www.technologyreview.com/blog/arxiv/24975/
70,http://www.nature.com/news/photons-detected-without-damage-1.14179
71,http://discovermagazine.com/2009/sep/06-discover-interview-roger-penrose-says-physics-is-wrong-string-theory-quantum-mechanics
72,http://www.physorg.com/news/2012-01-quantum-mechanics-naked-eye.html
73,http://www.technologyreview.com/blog/arxiv/26787
74,http://www.physorg.com/news/2011-05-quantum-limit.html
75,http://www.scientificamerican.com/article/quantum-cloud-simulates-magnetic-monopole/?WT.mc_id=SA_Facebook
76,http://www.huffingtonpost.com/2013/05/26/quantum-magnetism-first-time-physicists_n_3339243.html?utm_hp_ref=science
77,https://www.sciencedirect.com/science/article/abs/pii/S1571064522000197?via%3Dihub
78,https://www.eurekalert.org/pub_releases/2021-06/tc-tab060421.php
79,http://www.youtube.com/watch?v=wcXSpXyZVuY
80,https://www.uq.edu.au/news/article/2018/09/quantum-weirdness-chicken-or-egg%E2%80%99-paradox
81,http://www.fqxi.org/community/forum/topic/455
82,http://www.overcomingbias.com/2008/06/quantum-physics.html
83,http://www.bbc.co.uk/news/science-environment-13626587
84,http://www.scientificamerican.com/blog/post.cfm?id=quantum-weirdnes-wins-again-entangl-2008-08-13&print=true
85,https://www.nature.com/articles/s41586-022-04853-4
86,https://www.quantamagazine.org/graduate-student-solves-quantum-verification-problem-20181008/
87,http://factor-tech.com/connected-world/17149-spooky-action-at-a-distance-demonstrated-in-single-particle-quantum-experiment-for-first-time/
88,http://www.bbc.co.uk/news/science-environment-21150046
89,http://www.bottomlayer.com/bottom/argument/Argument4.html
90,http://io9.com/5327313/meet-two-new-quantum-particles-spinons-and-holons
91,http://www.sciencedaily.com/releases/2011/03/110331104014.htm
92,http://science.box.sk/newsread.php?newsid=6321
93,https://www.nature.com/articles/s41567-020-1031-5
94,http://www.nature.com/news/2008/080515/full/news.2008.829.html
95,https://quantum.uchicago.edu/2020/12/16/fermilab-and-partners-achieve-sustained-high-fidelity-quantum-teleportation/
96,http://www.neomatica.com/2014/08/06/working-system-deterministic-quantum-teleportation-distantly-separated-matter-states/
97,http://news.unm.edu/news/unm-physicist-discovers-strange-forces-acting-on-nanoparticles
98,http://www.bbc.com/news/technology-43580972
99,http://esciencenews.com/articles/2016/04/18/quantum.computing.closer.rmit.drives.towards.first.quantum.data.bus
100,https://www.sciencenews.org/article/new-light-based-quantum-computer-jiuzhang-supremacy
101,http://www.nist.gov/pml/div686/refrigerator-030513.cfm
102,http://phys.org/news/2015-12-computing-with-time-travel.html
103,https://www.chemistryworld.com/news/quantum-double-slit-experiment-done-with-molecules-for-the-first-time/4014819.article
104,http://www.newscientist.com/article/dn26111-schrodingers-cat-caught-on-quantum-film.html?utm_source=NSNS&utm_medium=SOC&utm_campaign=hoot&cmpid=SOC%7CNSNS%7C2013-GLOBAL-hoot#.VAAtIfldV8E
105,http://phys.org/news/2013-12-theorists-state-quantum-big-impact.html
106,http://www.theepochtimes.com/n2/content/view/28208/
107,http://www.wits.ac.za/news/latest-news/research-news/2017/2017-09/researchers-demonstrate-quantum-teleportation-of-patterns-of-light.html
108,http://physics.aps.org/articles/v7/119
109,https://www.tcd.ie/news_events/top-stories/featured/our-brains-use-quantum-computation/
110,http://www.newscientist.com/article/mg20627596.800-quantum-wonders-nobody-understands.html
111,http://www.abc.net.au/science/articles/2011/09/12/3314227.htm
112,http://arxivblog.com/?p=1230
113,http://phys.org/news/2016-04-colour-photons-diamond-quantum-memory.html
114,http://www.sciencedaily.com/releases/2012/05/120524092932.htm#.T8AH1Z2LPzU.reddit
115,http://chaospet.com/comics/2008-07-07.png
116,http://www.scribd.com/doc/118218521/
117,http://news.cornell.edu/stories/2018/08/physics-theory-used-predict-crowd-behavior
118,http://futurismic.com/2008/07/01/ghost-photos-through-quantum-physics/
119,http://www.fqxi.org/community/articles/display/131
120,https://www.scientificamerican.com/article/the-quest-to-crystallize-time/
121,https://www.nature.com/articles/s41586-018-0019-0
122,http://thespacereporter.com/2013/04/international-space-station-set-for-spooky-quantum-entanglement-experiment/
123,https://www-technologyreview-com.cdn.ampproject.org/c/s/www.technologyreview.com/2019/05/30/65724/how-a-quantum-computer-could-break-2048-bit-rsa-encryption-in-8-hours/amp/
124,http://www.masshightech.com/stories/2010/12/20/daily25-Raytheon-BBN-working-on-real-Star-Trek-tech.html
125,https://news.stanford.edu/2019/07/24/quantum-microphone-counts-particles-sound/
126,http://www.astronomy.com/news/2019/05/antimatter-acts-like-regular-matter-in-classic-double-slit-experiment
127,https://physics.aps.org/articles/v15/s101
128,http://www.sciencealert.com/researchers-just-developed-the-most-complex-quantum-computer-chip-so-far-out-of-light
129,http://phys.org/news/2016-04-scientists-quantum-physics-real-life.html
130,https://www.sciencealert.com/scientists-have-achieved-direct-counterfactual-quantum-communication-for-the-first-time
131,http://www.physorg.com/news/2011-12-multi-purpose-photonic-chip-paves-programmable.html
132,http://arxiv.org/abs/1310.4691v1
133,https://www.sciencenews.org/article/quantum-tractor-beam-could-tug-atoms-molecules
134,https://www.scientificamerican.com/article/schroedingers-bacterium-could-be-a-quantum-biology-milestone/
135,http://www.sciencedaily.com/releases/2010/01/100107143909.htm
136,http://scienceblog.com/64278/large-scale-quantum-chip-validated/
137,http://www.sciencealert.com/scientists-have-figured-out-what-we-need-to-achieve-secure-quantum-teleportation
138,http://arstechnica.com/science/news/2010/08/quantum-memory-may-topple-heisenbergs-uncertainty-principle.ars?utm_source=rss&utm_medium=rss&utm_campaign=rss
139,http://www.physorg.com/news/2012-01-quantum-physicists-entanglement-nonlocality.html
140,https://www.surrey.ac.uk/news/quantum-mechanics-could-explain-why-dna-can-spontaneously-mutate
141,http://news.google.com/news/url?ct2=au%2F7_0_s_0_1_a&sa=t&usg=AFQjCNFyQiUbxQCJY-nuYEPIHdI4Aw17AQ&cid=8797828475294&url=http%3A%2F%2Fwww.abc.net.au%2Fscience%2Farticles%2F2012%2F04%2F26%2F3489504.htm&ei=3cuYT5DZJoeClAW-uQE&rt=HOMEPAGE&vm=STANDARD&bvm=section&did=3479927723790006538&sid=en_au-snc
142,http://www.physorg.com/news/2012-01-physicists-loop-quantum-gravity.html
143,https://ucalgary.ca/news/state-consciousness-may-involve-quantum-effects-university-calgary-scientists-show?mkt_tok=MTYxLU9MTi05OTAAAAF9TmNCr0Z3Wog-LRjoS46sH337maXz2WXlyzvvzXEhbLqkTAg3tLxqpJc5-nWK-HquWOO_2nB17DXoVjxydQT3KMpOifzOB4ayWYludzTu7eePMr4&fbclid=IwAR0THtg0MFzadc3-p7FeT16XfQpRNVNx6F9UgIHer69BLWGDIjvDUllaeyQ
144,http://arstechnica.com/science/news/2010/07/born-rules-quantum-mechanics-survives-triple-slit-test.ars
145,http://www.scottaaronson.com/democritus/lec9.html
146,http://fqxi.org/community/articles/display/116
147,https://www.eurekalert.org/news-releases/940321
148,http://www.physorg.com/news/2011-08-quantum-optical-link.html
149,https://news.stanford.edu/2021/11/30/time-crystal-quantum-computer/
150,https://news.mit.edu/2020/quantum-fluctuations-jiggle-objects-0701
151,http://www.physorg.com/news193896845.html
152,http://sciencenow.sciencemag.org/cgi/content/full/2009/1014/1?rss=1
153,https://m-cacm.acm.org/news/214225-building-the-quantum-internet/fulltext
154,https://www.knowablemagazine.org/article/physical-world/2019/quantum-origin-spacetime
155,http://www.nature.com/news/2011/110428/full/news.2011.252.html
156,http://www.sciencedaily.com/releases/2011/06/110630111540.htm
157,http://www.technologyreview.com/blog/arxiv/24460/
158,http://science.howstuffworks.com/science-vs-myth/everyday-myths/quantum-suicide.htm
159,http://www.unsw.edu.au/news/pad/articles/2011/apr/Quantum_teleport_paper.html
160,https://physics.aps.org/articles/v13/80
161,http://www.physorg.com/news/2012-03-crystals-linked-quantum-physics.html
162,http://scienceblogs.com/pharyngula/2010/04/quantum_everything.php
163,https://i.redd.it/9jgxafzadn861.jpg
164,http://arxiv.org/abs/1310.4691
165,http://discovermagazine.com/2010/apr/01-back-from-the-future
166,http://europe.newsweek.com/new-theory-universe-expansion-quantum-fluctuations-dark-energy-forever-610130
167,http://www.space.com/27947-farthest-quantum-teleportation.html?cmpid=514648
168,https://www.technologyreview.com/s/613092/a-quantum-experiment-suggests-theres-no-such-thing-as-objective-reality/
169,http://phys.org/news/2014-05-solar-cells-quantum-dot-photovoltaics-efficiency.html
170,http://phys.org/news/2014-09-quantum-teleportation.html
171,https://i.redd.it/s28wy6nbzs0a1.png
172,http://www.bbc.co.uk/news/science-environment-12811199
173,https://www.eurekalert.org/pub_releases/2019-10/uov-2ai092319.php#.XZUDuEaGAt8.reddit
174,https://www.sciencenews.org/article/spooky-quantum-entanglement-goes-big-new-experiments?utm_source=reddit&utm_medium=social&utm_campaign=r_science
175,https://www.verdict.co.uk/quantum-entanglement-photo/
176,https://www.nature.com/articles/d41586-021-02657-6?utm_source=twt_nat&utm_medium=social&utm_campaign=nature
177,http://www.newscientist.com/article/mg20227031.500-quantum-lasers-half-light-half-matter.html?DCMP=OTC-rss&nsref=online-news
178,http://www.scientificamerican.com/article.cfm?id=splitting-time-from-space
179,http://www.ibtimes.co.uk/scientists-just-discovered-how-track-secret-movement-elusive-unobserved-quantum-particles-1652744
180,http://www.abc.net.au/news/2016-08-04/scientists-develop-small-reprogrammable-quantum-computer/7686040
181,http://www.fqxi.org/community/articles/display/108
182,http://www.nature.com/news/2007/070416/full/070416-9.html
183,http://www.fqxi.org/community/articles/display/136
184,https://qutech.nl/the-magnet-that-didnt-exist/
185,http://www.physorg.com/news/2011-08-dark-illusion-quantum-vacuum.html
186,http://phys.org/news/2015-10-crucial-hurdle-quantum.html
187,http://www.pcworld.com/article/3041115/security/mits-new-5-atom-quantum-computer-could-transform-encryption.html
188,http://phys.org/news/2015-09-youre-irrational-quantum-probabilistic-human.html
189,https://www.sciencenews.org/article/clock-time-accuracy-entropy-disorder
190,https://www.eurekalert.org/pub_releases/2020-10/rooi-tcl102320.php
191,https://www.eurekalert.org/news-releases/965836
192,https://www.purdue.edu/newsroom/releases/2020/Q3/new-evidence-that-the-quantum-world-is-even-stranger-than-we-thought.html
193,http://www.scribd.com/doc/155186032/
194,http://www.sciencealert.com/physicists-have-achieved-quantum-communication-underwater-for-the-first-time
195,https://www.mpq.mpg.de/6736453/08-entangled-photons-tailor-made
196,http://io9.com/5497720/first-quantum-effects-seen-in-visible-object
197,https://www.scientificamerican.com/article/ai-designs-quantum-physics-experiments-beyond-what-any-human-has-conceived/
198,http://www.icfo.eu/newsroom/news/article/3982
199,https://www.scientificamerican.com/article/quantum-tunneling-is-not-instantaneous-physicists-show/
200,http://en.wikipedia.org/wiki/Quantum_Man
201,https://science.sciencemag.org/content/369/6507/1084
202,http://physicsworld.com/cws/article/news/2015/nov/12/physicists-put-the-arrow-of-time-under-a-quantum-microscope
203,http://www.technologyreview.com/blog/arxiv/24499/
204,http://www.newscientist.com/article/dn27060-ultracold-mirrors-could-reveal-gravitys-quantum-side.html?cmpid=RSS%7CNSNS%7C2012-GLOBAL%7Conline-news
205,https://www.tuwien.at/en/tu-wien/news/news-articles/news/der-quantenkuehlschrank-1
206,https://www.iflscience.com/physics/time-might-not-flow-in-just-one-direction-in-the-quantum-world/
207,http://www.cam.ac.uk/research/news/quantum-sealed-envelope-system-enables-perfectly-secure-information-storage
208,http://fqxi.org/community/articles/display/125
209,https://www.lanl.gov/discover/news-release-archive/2020/July/0728-quantum-time-travel.php
210,https://www.hw.ac.uk/news/articles/2019/Quantum.htm
211,http://www.youtube.com/watch?v=qzZDlXji0e0
212,https://news.stanford.edu/2021/11/29/simpler-design-quantum-computers/
213,https://www.quantamagazine.org/first-time-crystal-built-using-googles-quantum-computer-20210730/
214,http://www.physorg.com/news/2011-11-quantum-vacuum-dark.html
215,http://www.nature.com/news/the-quantum-source-of-space-time-1.18797
216,https://www.independent.co.uk/life-style/gadgets-and-tech/news/quantum-human-scale-ligo-mit-nature-a9596056.html
217,http://phys.org/news/2013-10-physicists-aim-transition-quantum-world.html
218,http://www.nature.com/news/2010/100707/full/news.2010.337.html
219,https://thedebrief.org/harnessing-the-power-of-quantum-mechanics-physicists-discover-a-new-method-of-observing-objects-without-looking-at-them/
220,http://www.scientificamerican.com/article.cfm?id=quantum-microphone-puts-visible-object
221,https://www.tuwien.ac.at/en/news/news_detail/article/126192/
222,http://phys.org/news/2015-08-quantum-efficiency.html
223,http://www.youtube.com/watch?v=6Q4_nl0ICao&eurl=http%3A%2F%2Fwww%2Efreesciencelectures%2Ecom%2Fvideo%2Fdr%2Dquantum%2Dexplains%2Ddouble%2Dslit%2Dexperiment%2F&feature=player_embedded
224,http://www.nature.com/news/quantum-communications-leap-out-of-the-lab-1.15093
225,http://www.technologyreview.com/blog/arxiv/23292/
226,http://www.technologyreview.com/view/428202/quantum-cryptography-outperformed-by-classical/
227,http://www.nature.com/ncomms/2015/150804/ncomms8917/full/ncomms8917.html
228,http://www.simonsfoundation.org/quanta/20140624-fluid-tests-hint-at-concrete-quantum-reality/
229,http://www.nsf.gov/discoveries/disc_summ.jsp?cntn_id=117254&WT.mc_id=USNSF_51
230,http://phys.org/news/2013-06-scheme-quantum.html
231,http://www.ashishdalela.com/2016/05/25/semantic-interpretation-quantum-theory/
232,https://healthsciences.ku.dk/newsfaculty-news/2022/03/researchers-take-quantum-leap-towards-transplanting-healthy-stem-cells-into-the-intestines/
233,http://www.sciencedaily.com/releases/2012/01/120116095529.htm
234,https://news.yale.edu/2018/09/05/yale-researchers-teleport-quantum-gate
235,http://www.camein.com/new-research-consciousness-affects-reality/
236,http://phys.org/news/2015-09-route-magnets.html
