,article_id,article_type,link,posted_by,date_posted,post_title,post_body,date,author,headline,body,char_count,comments_ids
0,5hVmeOCJjOU,video,https://www.youtube.com/watch?v=5hVmeOCJjOU,,,,,2020-02-06T17:29:51Z,The Royal Institution,A Brief History of Quantum Mechanics - with Sean Carroll,The mysterious world of quantum mechanics has mystified scientists for decades. But this mind-bending theory is the best ...,124,"['UgwoBw9Zt8th-DMfGDl4AaABAg', 'Ugw4xQgL5OR0ab5dDVJ4AaABAg', 'Ugx1ywmfSB2yZ8_2vAR4AaABAg', 'UgzrnFCFyACt4GfuOC94AaABAg', 'UgzsEj_6hronZ10Jpux4AaABAg', 'Ugwzkm1lcrA1W2teOYN4AaABAg', 'UgzARIZ8MUNNbdKzBpZ4AaABAg', 'Ugwnf2ykWcBwnhpalrN4AaABAg', 'UgzP5Mnov8tbl8L36Ax4AaABAg', 'UgwUoEqrMFcVt2ptRQl4AaABAg', 'UgwN1wa5MgI9UZRxlJF4AaABAg', 'UgzlhtD3DVzr5i7bcex4AaABAg', 'UgxZdOIHob5t0E82Z8p4AaABAg', 'UgxkrP8ODRMwEUj1acV4AaABAg', 'UgzvehDNu-AbwNym1wh4AaABAg', 'Ugy9INMCyl4NhXmODFp4AaABAg', 'UgxgCu2ZuTKR7TvCwIR4AaABAg', 'Ugwl2ZO2jHO6WUDT7H94AaABAg', 'UgyZ9Z4MGkPT3UrvE5x4AaABAg', 'UgywkavAFtArckzimdl4AaABAg', 'Ugx_bnNZmhPAVsys0FN4AaABAg', 'UgzvL4Nmzld_mk9H2t94AaABAg', 'Ugz6UDagciPeNnzWVj54AaABAg', 'Ugw0GaejXug0eZxod5h4AaABAg', 'UgyobFAoTda-i1zQDCd4AaABAg', 'UgypWSxUnL7HPor2bPJ4AaABAg', 'Ugzh7J3EtMYbl6F5cyx4AaABAg', 'UgwHG3x4LEpwPaWo2CB4AaABAg', 'Ugz752SdoINQysEqyz54AaABAg', 'UgyHU47fz4X27q98poZ4AaABAg', 'Ugzr5WqC0T4cgxBmZ0h4AaABAg', 'UgzrwGDvWFYitK5yTTR4AaABAg', 'Ugx5Ga3lzPzhs-e51LJ4AaABAg', 'UgwOPAKnXnvOZ_m8on54AaABAg', 'Ugx-kuOOZ0FzV0oWMEt4AaABAg', 'UgzOa7J43mYeK_Cc51N4AaABAg', 'UgzxMJmf92gOcywyfhd4AaABAg', 'Ugz_qEqkV1OWdStq4594AaABAg', 'UgyMVeiqRq5cSl4kj114AaABAg', 'UgxuotakTlEV-SUYNzN4AaABAg', 'Ugxwe5wtE-3eTbxv_Vt4AaABAg', 'UgwcEFu9-OOptTOq3fN4AaABAg', 'UgwsS-f4HXTTLzyyzCZ4AaABAg', 'UgxARRxhL_4HeEJ2p_94AaABAg', 'UgwOUqENEyqTpgIw9vh4AaABAg', 'UgyBybk6VU8ZWtaJzLN4AaABAg', 'UgxdPeXDXjsTM1OqHYN4AaABAg', 'UgzhJ4yjeHKx_hBN3WB4AaABAg', 'UgyvopycrMyf-INHSu94AaABAg', 'UgzzxpOu6mHOX_MXA-B4AaABAg', 'Ugw0mxEnrphB2g76KkV4AaABAg', 'Ugzb9-tiz1kK5Q2DdkZ4AaABAg', 'UgwU5Obiv1RC3hUQ2aN4AaABAg', 'UgwgKLW5JSU6GXisvQ14AaABAg', 'Ugyuy-Ll9yHD8Xpc2ad4AaABAg', 'UgzUfrgd8AUSAOktYPV4AaABAg', 'UgyWgYPsd8XJuTr_pzZ4AaABAg', 'UgyKBnidxF0dO35Nfs94AaABAg', 'UgxSFR7ugA1I3AlV1kB4AaABAg', 'Ugxyz0VUd3cXclbt8Wl4AaABAg', 'UgwqXUHkp9C_TWtLfLF4AaABAg', 'UgxSNuGqec1mEfCFFrd4AaABAg', 'Ugz8mhcQioTZS87HSzF4AaABAg', 'UgwBJVTWg9_8lejWIBV4AaABAg']"
1,gAFAj3pzvAA,video,https://www.youtube.com/watch?v=gAFAj3pzvAA,,,,,2020-08-01T00:42:17Z,Domain of Science,The Map of Quantum Physics,This is the Map of Quantum Physics and quantum mechanics covering everything you need to know about this field in one image.,124,"['UgzUgVQAWrtaDB1O14l4AaABAg', 'UgwtP6ioXdCJVRJ7YrZ4AaABAg', 'Ugx7Vaiuvj4XBy1NjtB4AaABAg', 'UgwIgnHC8ltCj8zhwpV4AaABAg', 'UgzF6GWbFuBl0Zc_rk54AaABAg', 'UgyIRZ-L_pL053KHA4l4AaABAg', 'UgzkTdiBq1JKqhpV0ox4AaABAg', 'Ugw9iHGv-EM886LqglB4AaABAg', 'UgwYuThuK2zlVnmFaIt4AaABAg', 'UgwEOCxuoaERDaJ-Ds14AaABAg', 'UgzrQ4N3m5B2WbpzLwd4AaABAg', 'UgzVrrZLht9KsgXEicV4AaABAg', 'UgyRbVR_EjnNM_lhn1B4AaABAg', 'UgzVvEhbvHQbeJNrYfR4AaABAg', 'Ugw4R-PDJuNsbGn6e8l4AaABAg', 'UgzWvMX6LIXrOtHjwDl4AaABAg', 'UgwLByFHg48OiF8spdd4AaABAg', 'UgxnHISrlKr-bv6O3qJ4AaABAg', 'UgxZfco1GEVf71sCKDN4AaABAg', 'UgwNpq5YW0fRMQdgk294AaABAg', 'Ugz_RCbkaq-u55hxuZx4AaABAg', 'Ugz6gAY1YnOwE87Tx514AaABAg', 'Ugx6xnddnwjGHXWVMC94AaABAg', 'UgwTf6Y4ZTcCJ6MY7yB4AaABAg', 'UgzD6kx8VQpmiz9IZ1t4AaABAg', 'Ugwh-J299a0KjdojVnJ4AaABAg', 'UgxuAOkJOfhV7gBlS6d4AaABAg', 'Ugz0S-PgsMlJcGiX97p4AaABAg', 'UgwfwYl_5l3yHCHoMXV4AaABAg', 'UgxaUhZMuiMXNYb0Oud4AaABAg', 'UgyBL68DkapoPMIEZy94AaABAg', 'Ugytrj4t68Jo6s3UzJN4AaABAg', 'Ugxb5rOTqs_hIfHzIkt4AaABAg', 'Ugwc6cwjzVviOFQbY1d4AaABAg', 'UgwBdZPWS0vR0PtomhJ4AaABAg', 'UgzTkztO66zssDLdNc14AaABAg', 'UgwI00xjpQOZkhZMuyl4AaABAg', 'UgwowRumEqROxgW0VlN4AaABAg', 'UgzQns-0HbKoFPXSM094AaABAg', 'Ugz93RzX4UjEBWo0MZt4AaABAg', 'UgzGKt8ZUowYNc-sMet4AaABAg', 'UgzIcGckKz4fqlVnA0t4AaABAg', 'UgznKAPq3WpM0Qdk_pt4AaABAg', 'Ugy56e0ACmYRFeTnN_B4AaABAg', 'UgxwigER61vx6Hf_s094AaABAg', 'UgyxhQF6IRczHIKduK54AaABAg', 'UgyR6QfS1QNKt4L8Akl4AaABAg', 'UgyUus01MVyZa0vatdd4AaABAg', 'UgzegGb5hSSIFYqEcP54AaABAg', 'Ugwn5VUu3An1evkTSsx4AaABAg', 'UgzpO4dT68ZwFJjfbtt4AaABAg', 'UgwmRqvBHlyxI7AljHx4AaABAg', 'UgyyG-ZiOcUgk7YtIXh4AaABAg', 'UgyMWTIRibke0JtLJHZ4AaABAg', 'Ugz0kqbjZH-i1NV5M3t4AaABAg', 'Ugy-nywy9zwrskB6s7R4AaABAg', 'Ugx29Om0VUVMFrCXR154AaABAg', 'Ugy4E5IRp4we-TYDWM14AaABAg', 'UgxYtlP3DKyz0tQe0-94AaABAg', 'Ugx7iUkorBv_dwQ3Avd4AaABAg', 'Ugxk9ajtursEMJna0Hp4AaABAg', 'UgyPoDuk62z6zmODV2t4AaABAg', 'UgwRjfEMxMaDMTcY52h4AaABAg', 'UgxVdNwwaExpxXdswVN4AaABAg', 'UgwBdRKpMBIjSrsT2WV4AaABAg', 'UgyL2xJA_M-1qgNSbw14AaABAg', 'Ugx8lLfhFT94GpV1b_R4AaABAg', 'UgwdoTPqFsCxLvYUsV14AaABAg', 'UgzHL7mXQO6H0Kc2gkF4AaABAg', 'Ugy2jdobi0vDU7O3efh4AaABAg', 'Ugxn3Sztp27FzZHNdvF4AaABAg', 'Ugy3BGc8GHPYujZu1wF4AaABAg', 'UgzgsdHjkrXa_L7HXlp4AaABAg', 'UgwbV_AaYm8W9p0l9QJ4AaABAg', 'UgwuXCoTKokpesf1P1p4AaABAg', 'UgzO1ZGfOKh8pz1dypl4AaABAg', 'UgzTLJ7NZs0i8g-I3C54AaABAg', 'Ugy8RZRceDGiTv_LmYN4AaABAg', 'UgzRCQMjd2ZTROKoKtN4AaABAg', 'Ugz9pV9_5QtSBmNmxud4AaABAg', 'UgwTCoU-CD_8V3qXPCt4AaABAg', 'UgyU23CLTwqnMR2_I2x4AaABAg', 'UgyRtHaB2R3UtKrafZZ4AaABAg', 'UgxS1QGmy6rf51iLcmd4AaABAg', 'UgxiY8pn22NShLjYUzV4AaABAg', 'Ugwk1_Ehx_eJTkE_nYt4AaABAg', 'Ugyc22FIzWu2nIEwDHd4AaABAg']"
2,0aMtPJPcMQg,video,https://www.youtube.com/watch?v=0aMtPJPcMQg,,,,,2020-11-23T11:55:19Z,Kwantumrevolutie,Kwantumrevolutie - The Quantum Revolution,In 1911 riep de rijke en vooruitstrevende industrieel Ernest Solvay de allereerste solvayraad samen in hotel metropole. Uit heel ...,132,"['UgxMJVl19FLRLwuX03x4AaABAg', 'UgyPy4gZPYJQicRyYop4AaABAg', 'UgxeUG06rvTA8Zheq7J4AaABAg', 'Ugy0Hcs5lxL6VAvn6lh4AaABAg']"
3,lcaAtYi4VD4,video,https://www.youtube.com/watch?v=lcaAtYi4VD4,,,,,2020-12-21T17:44:40Z,Quantum Flagship,QRANGE:  Generating Quantum random numbers,"The QRANGE project develops Quantum Random Number Generation technology, which is crucial for quantum simulation and ...",120,[]
4,fkAAbXPEAtU,video,https://www.youtube.com/watch?v=fkAAbXPEAtU,,,,,2020-10-14T13:28:21Z,Science ABC,Quantum Entanglement: Explained in REALLY SIMPLE Words,"Quantum entanglement is a physical resource, like energy, that is possible between quantum systems. When a coin spins on a flat ...",131,"['Ugz7HPIomt4oX2H3wuh4AaABAg', 'UgzCOdb5ICb1cmknKKt4AaABAg', 'UgwwMJ2ugQDNEWiL3I94AaABAg', 'UgwvWm8rf1vlOSPu48p4AaABAg', 'Ugy8Yx240VzzlfwqrgV4AaABAg', 'Ugx8P7Q_dlyaeUN85lp4AaABAg', 'UgzaB-LjaynFAXoj8mB4AaABAg', 'UgzyJzouRstB_h7jAtx4AaABAg', 'Ugw_luqMarza71aBcw94AaABAg', 'UgwsmZN5LAZmmw6Z0394AaABAg', 'Ugx1L_0VgMedaPwIfsN4AaABAg', 'UgxDHZw4Fe4aIIuBOut4AaABAg', 'Ugxne883rcmSeG4kKO94AaABAg', 'Ugx9ArhHgzbHmKGSg5t4AaABAg', 'Ugycm7mXJQG22LFi4jp4AaABAg', 'Ugyh8_R1hb101B0bTVR4AaABAg', 'Ugxa77y-ooynpPoc1gh4AaABAg', 'UgydVjlWoovSx_k3QqZ4AaABAg', 'UgzhmFZobYcX10_-u2x4AaABAg', 'UgyN2xa25AuqnFkQI394AaABAg', 'UgzQNtLxLP9Mt166_RZ4AaABAg', 'UgxrQHYePzEZty1G7mh4AaABAg', 'Ugzas5GCxTYOLmx4YVV4AaABAg', 'UgxbX9nQJM9nbpn2dh94AaABAg', 'Ugyj_KT_A_X5AWjaCEl4AaABAg', 'UgyGcE2BmZ2hB1D7oP54AaABAg', 'UgxbV4r8A6YUBnQSFtJ4AaABAg', 'UgxhTw4w6GCa2wsHM_Z4AaABAg', 'UgyDllMgN-bXGaqyGGV4AaABAg', 'UgzoDHQ1FjwQdMV0TbR4AaABAg', 'Ugy6K9n2TTE7nDEnnx14AaABAg', 'Ugy_TcUrd47fUlnK6FB4AaABAg', 'Ugz3EsAqEY-wcsyKUz94AaABAg', 'Ugza2O2KBz0tQN7a7Gx4AaABAg', 'UgyAl3YF2ZMFs4Z47tF4AaABAg', 'Ugxy1c1-x7cyYawY4sd4AaABAg', 'UgzmAWXTm5_uBmrgNTh4AaABAg', 'Ugyqim4QQQP-Srn7YWV4AaABAg', 'UgzYZHZG-qhDmVzpTBZ4AaABAg', 'UgzmvV_H_FqW715alEZ4AaABAg', 'Ugz9pUchBiHCHrkqYBt4AaABAg', 'Ugx-pNRcwUyAjLZ1C5x4AaABAg', 'UgxTuNwPNGRT-wnixWd4AaABAg', 'UgxRar9kVw6Nsh13ySd4AaABAg', 'UgxrtfE-q4D4RLPMXrx4AaABAg', 'UgyNTQlRjHvQLAXot2h4AaABAg', 'UgwS3nHdv1oeLA4i3wB4AaABAg', 'UgwaiEvJqcWWJWEzcqF4AaABAg', 'UgxSLUSRWAneKZCsJU14AaABAg', 'UgzVqO1z-EoMUe0m-l94AaABAg', 'UgyNcfF-CkPgm0P30Jd4AaABAg', 'UgxpFXUo6p0JFtlx3ot4AaABAg', 'UgzFZ5UUUcQ1hz0AR4t4AaABAg', 'UgxVP9SMJcMus5eVx2p4AaABAg', 'UgybWcST-Vi2xcWFirN4AaABAg', 'UgzJrUMHh9BaR1PKMAd4AaABAg', 'UgxUoPXz7iISsIYm-5h4AaABAg', 'Ugzsl4S34J3322taUSB4AaABAg', 'UgymZD1-3o0c72CJ7fJ4AaABAg', 'Ugz2S8XI0EnndmBeZwl4AaABAg', 'UgziDh9yKNrGLiWBGzh4AaABAg', 'Ugy5Tevx4n9VQVtOIqp4AaABAg', 'UgzH1g-PIZ-y0N8NYEF4AaABAg', 'UgzygBl8t9vjaZjygMh4AaABAg', 'UgyRCT--wDCMgO7UKJV4AaABAg', 'UgxxA-SdQoY3dIM7oZJ4AaABAg', 'UgxxbWTvTfqTj4LDmah4AaABAg', 'UgxVNGjPHqifykcvq_J4AaABAg', 'Ugwvr-twRpPtOaGlaMZ4AaABAg', 'Ugw7SnFdjY8_92r7Vb14AaABAg', 'UgyJDqFeVMdcI90nR5Z4AaABAg', 'UgxqwcysjnQRViF3biB4AaABAg', 'UgwObl4bAaXUpfueZAd4AaABAg', 'UgxCFMl7Up5LKGuGb-p4AaABAg']"
5,u1XXjWr5frE,video,https://www.youtube.com/watch?v=u1XXjWr5frE,,,,,2020-01-10T20:14:58Z,CNBC,"The Hype Over Quantum Computers, Explained","In October 2019, Google made a big announcement. It announced its 53-qubit quantum computer named Sycamore had achieved ...",123,"['Ugw6AES1VYbYd28kSkB4AaABAg', 'UgwOPRG3jMriRDINM1p4AaABAg', 'Ugy_RhF2p-MP3onQZ6F4AaABAg', 'Ugw1C4Ei7VPAab3qBv94AaABAg', 'Ugx6ndgh29kMvTfCFw14AaABAg', 'UgzAhY2_52N-AgCncXV4AaABAg', 'UgxmlWbdBE92peZq4bp4AaABAg', 'UgzWwotddOCOVrI57r94AaABAg', 'UgwyEsPtyUYl0tdtzAF4AaABAg', 'UgyM2hJy4pdv6YBp0Vp4AaABAg', 'UgwUdeCrBn0naQ9rUSd4AaABAg', 'Ugw09btZqX5r7NpgdR14AaABAg', 'UgzKEU1CEEUCQ0xIN0J4AaABAg', 'Ugz9EKePGONNZoSARdV4AaABAg', 'UgwjqUc5tOxZNw1nya14AaABAg', 'UgxQEqxf8BWRuptS8et4AaABAg', 'Ugw-xM_1QES2SRWVnv14AaABAg', 'Ugz40m-6I7izHILtP7B4AaABAg', 'Ugy4RQjH5jOtA9YSwHF4AaABAg', 'UgwRgPqVAH9AqDeDN6F4AaABAg', 'UgzVP9y-GEiI1ByhQXx4AaABAg', 'Ugymc25vTSg_xS2cZaV4AaABAg', 'UgwB0hJeeWBUBQjRM4F4AaABAg', 'Ugy-M1dLS2twPT0-wwB4AaABAg', 'UgxhvXr1IPFvjUlTjw54AaABAg', 'UgxEsxz5fnZoR2sRY7N4AaABAg', 'UgwlxmmiiCkkJ4dy5mx4AaABAg', 'UgwZfJnAwq9EFdvqTLd4AaABAg', 'UgydmDId1P0Dq8teMW94AaABAg', 'Ugxq5jeiQ5MR2ZlOi6V4AaABAg', 'UgxzHbgNhUAFq5xhOxF4AaABAg', 'UgxboMjiXKsPobysNCp4AaABAg', 'UgzsvX7UmoDhkRSKaLt4AaABAg', 'UgxW0RKaQyGt89xdDSd4AaABAg', 'UgyJw3ciSTEEaMi3_9l4AaABAg', 'UgxSUNxart_cWll1ADB4AaABAg', 'Ugzo-q-FcxpfyFP-_EB4AaABAg', 'UgxTfOy-MViYyHpjkih4AaABAg', 'Ugwdrt1anFJjwgssde54AaABAg', 'UgylxfsTSCW_Ic3Bcux4AaABAg', 'UgzXnhAHpjW3VF0mnHl4AaABAg', 'UgzdbhzdOYsA-QZu3H94AaABAg', 'UgzlyhX8ZcoW8vnfbfh4AaABAg', 'UgyKxhex1aoHhBIk6fN4AaABAg', 'UgxDcZjwCMBdWzA7e8t4AaABAg', 'UgxKSOtiinWEWQzxrL54AaABAg', 'UgwaduvPyg8KB2BHQFp4AaABAg', 'Ugw35QKCIoeUtH8Log54AaABAg', 'UgxEn-gmBaEWnJVXgCF4AaABAg', 'UgwjtBX0zPbPSq-rq014AaABAg', 'Ugz82EiMxQ0fMjfMR1t4AaABAg', 'UgzY-dfpV-9jGQFTwyV4AaABAg', 'UgzjKS6l_f6zGbsrjz94AaABAg', 'Ugw2vDdFRQ8pawl9wmZ4AaABAg', 'UgweXFl57kTnILI9iWt4AaABAg', 'Ugxm89--F_lNGZ-mkaB4AaABAg', 'Ugzw5hKbuMLTL1mJoI54AaABAg', 'Ugw_rD0EKvRyEogN6z54AaABAg', 'UgzmMxdTGZ9GdzosO3p4AaABAg', 'UgzgVLkoPJ1yfjlHhkB4AaABAg', 'UgzkgmUkOKmM8lmS34p4AaABAg', 'UgwB811mzAlvz1ET-SR4AaABAg', 'Ugx34ZIV5Y4a4Y0RQVl4AaABAg', 'UgwzwmIPfozwjHqEy194AaABAg', 'Ugw21Jvr93uVCUT7MhN4AaABAg', 'UgzCll7hYxKD39b19aV4AaABAg', 'Ugy3DXXxKEcIg4cmqHx4AaABAg', 'UgwY171KhZOZBlj2SZ14AaABAg', 'UgwfInu2KVcjFRLmLzN4AaABAg', 'UgyEcSJ7Ej0KsZXk0cZ4AaABAg']"
6,HJ5EGCxbx1g,video,https://www.youtube.com/watch?v=HJ5EGCxbx1g,,,,,2020-08-04T09:00:03Z,James Bond 007,QUANTUM OF SOLACE | Quantum Meeting at the Opera,Bond identifies members of Quantum watching the performance of Tosca in QUANTUM OF SOLACE (2008). The scene was ...,115,"['UgxUJHenREnruKY_J1d4AaABAg', 'UgyLXs4dGrf_mYV6fAh4AaABAg', 'UgzCymEkccxOmzZ8F594AaABAg', 'UgwLG-Z6PVBZg8cGRiN4AaABAg', 'UgzJTSIQJZ_eRasGmCJ4AaABAg', 'Ugxcze2WGOZ-KQzAq0R4AaABAg', 'Ugxso6tLycCREFS-Gal4AaABAg', 'UgzxKwu4z3Odv9OyoWt4AaABAg', 'UgzrwHc28B1oCXTNqtx4AaABAg', 'UgzMrpfIO5dNZ2JdqNV4AaABAg', 'UgyfxeCtLSfxc2P771F4AaABAg', 'UgxCET-oEW4OQkgZihJ4AaABAg']"
7,uBWLK7ukXB4,video,https://www.youtube.com/watch?v=uBWLK7ukXB4,,,,,2020-08-09T19:13:49Z,Russell Brand,Quantum Physics and God! | Russell Brand,"If you want to listen to my Under The Skin podcast with Dr. John Hagelin, you can over on Luminary: http://luminary.link/russell ...",132,"['Ugx-8p3XeTcUfW_3QtJ4AaABAg', 'UgzJHC01SsUBKX6iMrl4AaABAg', 'Ugzrlmh2aMa9UU_guDd4AaABAg', 'Ugx6nH4jRFn9gjD27MV4AaABAg', 'UgwRSJdZUQY_JEZSFIF4AaABAg', 'UgwczRVI2yrzTCguTSB4AaABAg', 'UgyMvbO4h0MUmBM-L3B4AaABAg', 'UgyBdNN1AUInvIIhrdl4AaABAg', 'Ugy186lbzGiCzbWhK1V4AaABAg', 'UgwiXybaGIcI7i6lZjV4AaABAg', 'Ugwx0eSP4sgOev-ZlwJ4AaABAg', 'UgzkkRzoyVJmiOmzkHV4AaABAg', 'UgyecaPnCHzPmA5mD8t4AaABAg', 'UgyGMqqgZEh7PlCHqh14AaABAg', 'Ugx8q6YdfsGU1hT-agB4AaABAg', 'UgyeCCbyg8AH3tqH4i94AaABAg', 'UgxKn-6ni9QKyhltnrN4AaABAg', 'UgzB4GwAAkUXNZjv2qJ4AaABAg', 'UgyPjKrqRsfXi7knLQh4AaABAg', 'Ugxld5lIZbfmd4J0InV4AaABAg', 'Ugw8itEW-zVVEDN2kbl4AaABAg', 'UgxnZQjl2kk3d21BB7p4AaABAg', 'Ugwbak_ixm509Py4Tdh4AaABAg', 'Ugy93nJSa_ewBDqxk4V4AaABAg', 'UgyQmQ9Uw49Gnq-24Yx4AaABAg', 'UgzVyQ-TNquIn9_tBOd4AaABAg', 'UgwQx1jI3t1JSqsPY654AaABAg', 'UgyHmzLTyhvcx5Af7oJ4AaABAg']"
8,kD370qyxTyw,video,https://www.youtube.com/watch?v=kD370qyxTyw,,,,,2020-12-11T14:00:11Z,Domain of Science,Quantum Simulation | You Can Program a Quantum Computer Too!,Quantum simulation is a really promising route to discover new technologies of the future by finding new materials with new ...,127,"['UgxqMQl18U7_oRzpha14AaABAg', 'UgwxVCy4R-2hh51HXnR4AaABAg', 'UgwlHULSAZWLmYsChrt4AaABAg', 'UgxscSK1xL2ZbflozqF4AaABAg', 'Ugzk-kBB2QdsT2EWZC14AaABAg', 'UgxB8E6W6l4kWomgwiR4AaABAg', 'UgyRh-jTB0IQzUvJsOh4AaABAg', 'Ugwuk0Bq2BWJvnZWgEF4AaABAg', 'UgzNimWDmyGbGl7HfJR4AaABAg', 'UgxBDaD9hIp_V6406K94AaABAg', 'UgxS64my6zGKDTViwo94AaABAg', 'UgzdsmRbn1cCzjPV-214AaABAg', 'UgynjwJwZCFvSLs2s-14AaABAg', 'Ugwe4uf9IW1cpzVfvIV4AaABAg', 'Ugwao51Hi67wBY88MG54AaABAg', 'UgzjqkjoTle0SkVxwlF4AaABAg', 'UgyOoLXxbYiOrFDB8814AaABAg', 'Ugx1ob0f8sXgz7Y3WBB4AaABAg', 'Ugy5KSl1zYSd5A-jBoV4AaABAg', 'UgxFj5XmQosdJw_g_7l4AaABAg', 'UgxitWgJ206ypGFRmZd4AaABAg', 'UgzE7nKjeY-oH8pGEL54AaABAg', 'Ugw72FK1cbIc3n1V_pF4AaABAg', 'Ugz9xwKUF9QLF79NEzB4AaABAg', 'UgyyuPllbP6ziv_cFU14AaABAg', 'UgyMNwF_vEC3Wr7HAuJ4AaABAg', 'UgxYNRffakevhENr96B4AaABAg', 'UgxCnYJYl3TGDZdiERB4AaABAg', 'UgzpU4v36bDxCZpzMWd4AaABAg', 'Ugx0ZcBrby_AKcMGAYZ4AaABAg', 'UgwH_N1og39MC74Oj0h4AaABAg', 'UgzSG2YYU8S2KXTpCHt4AaABAg', 'UgyroVnYecAbUwgxt_14AaABAg', 'UgxRp_MBC6qnTuewTW14AaABAg', 'UgyxfNLfxDkkg-YrZi94AaABAg', 'UgyrKN80Ssc3jB5Y8t54AaABAg', 'UgyASSdWJtqYsQbhbJp4AaABAg', 'Ugynl3thwGhpDRlczr14AaABAg', 'UgwU95vBk2MPB0iNAmR4AaABAg', 'UgwGjCk_pI4CJxb6OEt4AaABAg', 'UgzCJvZIO6zBMD-og9N4AaABAg', 'UgxD8TIctcSQ6MNRMMx4AaABAg', 'UgxkRBlF0cCx8aQng5h4AaABAg', 'UgxbkPV7dryVCkS83nJ4AaABAg', 'UgxoZOpjUXPp44snC0l4AaABAg', 'UgzrFAHnGLETxqrBYRh4AaABAg', 'UgyG_2ZSFGey1NtpInh4AaABAg', 'UgyBZ88W_zFbijpzgeh4AaABAg', 'UgyGdlJATKqFRHsKeTl4AaABAg', 'UgzEOaBrp2ZhhJYssTZ4AaABAg', 'UgxHRqA7vMfmqkYyyKl4AaABAg', 'Ugz5-pAzki7mSKPer614AaABAg', 'UgymhjEPBYvZpd9jsy14AaABAg', 'Ugxei3ISYW7Arsl59xZ4AaABAg', 'UgzEtuI6FzwszPNZbhF4AaABAg', 'UgyhbxGYFnJ3AovE-od4AaABAg', 'UgxvrzIKOWshN-FKZ614AaABAg', 'UgzrVpGVl9Qifg0eYa54AaABAg', 'UgynlZy1wKFnzbN5Uup4AaABAg', 'UgwRZE8-swY78PqElwp4AaABAg', 'Ugwo-xlFxAOU8MPhpR54AaABAg', 'Ugypz0Kft0mrJ8u2FXh4AaABAg', 'UgxaqBymV6PU1hCdjr54AaABAg', 'UgwuCKPkMgwX5jOGiKp4AaABAg', 'UgxJoDY85EbR3v2lM1R4AaABAg', 'UgwbP-HfdTNqSFAOnzt4AaABAg', 'UgyAuiz9OLYCNJECxQ14AaABAg', 'UgzsFWQnZ6BBA2iJ5JR4AaABAg', 'UgyvAEO7bxEmANCP6uN4AaABAg', 'UgxW0E9m3StN_f1ni9p4AaABAg', 'UgyZgRo-3p5uZQeYq214AaABAg', 'Ugy8CA6dOgcdKNbJ5qV4AaABAg', 'UgxKUwTms2zaHhadHI54AaABAg', 'Ugy5BRauHvUNINzqHI54AaABAg', 'UgxWFQKv0j-Q5K80A-t4AaABAg', 'UgymfO0jfQPh2lkMHoZ4AaABAg', 'Ugz6GjiSm1A-eJEt0FZ4AaABAg', 'UgwCNBcLihXWkCcvVdl4AaABAg', 'UgwKQm2K_VuTWHJvPGJ4AaABAg', 'Ugw2NyLeTZ4ZtlqYHVZ4AaABAg', 'UgwiaoJmSwVPaRXLyyd4AaABAg', 'Ugykr1PR_mQUwNSuYud4AaABAg', 'UgzBcsn0Z588_LV7MPB4AaABAg', 'UgxoFeeWdLOZFmNHMwR4AaABAg', 'UgxIOkt0qkEepI3CKjR4AaABAg', 'UgyWaAsegmaIUpo9_cp4AaABAg', 'UgwprgCtfzM_8XiO5Ht4AaABAg', 'UgzHv8jHF9meBoVDjgd4AaABAg', 'UgwIsmRYX2z5pJZ-rsB4AaABAg', 'UgxVI256JcMLCRGYnBN4AaABAg', 'Ugxvogoe4F6Fb-wg0G94AaABAg', 'UgyHPQ6xu09B-Fo7BSt4AaABAg', 'UgzE83m2tebrji-8MNt4AaABAg', 'Ugx7taVPIqbP2InCBCV4AaABAg', 'UgzTHTf2XooTkWHttER4AaABAg', 'UgwCgOoQuPl7MroNk1t4AaABAg', 'Ugzdv3Ht36rT4AspcAV4AaABAg']"
9,uX5t8EivCaM,video,https://www.youtube.com/watch?v=uX5t8EivCaM,,,,,2020-02-17T21:23:12Z,Lex Fridman,Scott Aaronson: Quantum Computing | Lex Fridman Podcast #72,"Scott Aaronson is a professor at UT Austin, director of its Quantum Information Center, and previously a professor at MIT.",122,"['UgwaxQPoWaUtIyhI2wp4AaABAg', 'Ugw0D6GEt3ac7vuve554AaABAg', 'Ugw71KlLUCMBskDFlzl4AaABAg', 'Ugzo2jOFYkAcpAPIt6t4AaABAg', 'Ugwte5Y5_UGFPCnab2d4AaABAg', 'UgwMdO2vm4Nc0BZNWoJ4AaABAg', 'UgzZuRepacJSlNxxkhR4AaABAg', 'Ugwz6SAdSyZQFxAZC214AaABAg', 'UgwajCf3_QiKLY6BJqd4AaABAg', 'UgyFyFnaPeJKrNrCFPV4AaABAg', 'UgybjbXnKIM2RPqS1JF4AaABAg', 'UgwQswEQ0Ho2wFqkbwB4AaABAg', 'UgwcC_MRcspVU8CX8Ap4AaABAg', 'Ugz-PUXpaMzG8xFkXxh4AaABAg', 'UgwqFU4Ou1o04_ZAwGN4AaABAg', 'UgymD5kGbgQiFgYuyah4AaABAg', 'Ugw535JAu7v_IU2NLsZ4AaABAg', 'UgyHd5GXMS65lH1n30N4AaABAg', 'UgySZggvWs3wnzdys_t4AaABAg', 'Ugw8wAfghtQ5Nc2iz0h4AaABAg', 'UgxFVwUAlkuvDG6JAQF4AaABAg', 'UgxzwTuQKdHjBc62p8J4AaABAg', 'UgwE106h118bYYScxkZ4AaABAg', 'UgxaoSqABhfcTCCRx1N4AaABAg', 'UgyZf4VGPquqnhKIHql4AaABAg', 'UgxLsP1XElzQhyCezbl4AaABAg', 'Ugx3uTK0CcjuhcAQ4XB4AaABAg', 'Ugw8dfFnuVe-Hpjyzml4AaABAg', 'Ugw7CaptG40xr8oSjTV4AaABAg', 'Ugx9bpMLXIc7tKuNVmx4AaABAg', 'UgzYcaW-glSrhvOe_2h4AaABAg', 'UgxWHGCdJKuCQj8m-oF4AaABAg', 'UgxD1kOFmiIOXSBMB2x4AaABAg', 'UgyCf98C_8YZQOWxN6p4AaABAg', 'Ugz4FRsNt4Mpdh8F1iN4AaABAg', 'UgyhI9Ujl-WEH63xmoV4AaABAg', 'UgzF7rMcTlyryWKkU3x4AaABAg', 'UgyJY82CVI8NoVPBgvx4AaABAg', 'UgxdTIHGkCXHYC9VKxN4AaABAg', 'UgyYRzUwacpTzfQrrmR4AaABAg', 'UgycQ1C4yVZYlF_Llet4AaABAg', 'UgzA4LZd6enhOk1YvAF4AaABAg', 'UgzweKB1I9_jSGxy_1J4AaABAg', 'Ugxl0xLUnHoql4LapVB4AaABAg', 'Ugz-UuaSrEgR9srgiyR4AaABAg', 'UgzB4woV0tLdrs8qLsN4AaABAg', 'UgxkwdYW6HpQ-Qaf7HJ4AaABAg', 'UgwdnCfu8p_Pzh3P2m54AaABAg', 'UgxifYCw_aISw8nTnzJ4AaABAg', 'UgxIO1gMKwgWK5K74gx4AaABAg', 'UgzqoLDnim6mlwrSDTd4AaABAg', 'Ugxuhw1QEaNAoaI31Ax4AaABAg', 'Ugz5MwDUJoK6gkdXLBd4AaABAg', 'Ugz1z2fPFNDUO2XRh_V4AaABAg', 'UgyO-aEtzP4xq-B_j0N4AaABAg', 'UgwMWN2qMpMXeGlpK854AaABAg', 'UgySyJldoV1zdMCAZKR4AaABAg', 'UgzQ09yCzxFMiuwfHiF4AaABAg', 'Ugx3mzOslKMyEXEQbqp4AaABAg', 'UgzCPq6Hs95eyHWhQ154AaABAg', 'UgxhTeLfuWyRF9RQhu94AaABAg', 'UgxEGpHTe870qwZogrF4AaABAg', 'UgzjdSvUiwBve793TWF4AaABAg', 'Ugzex-sZoE1ZjUPMnxd4AaABAg', 'UgyOjmF6u50IUNgcBEZ4AaABAg', 'UgwRx0Lu04uRVKc5mzp4AaABAg', 'UgzDon1eUn14h917xOF4AaABAg', 'UgyrBeGYdRccZo8ZNDN4AaABAg', 'Ugwsmsfc8kb0Si0jJQJ4AaABAg', 'UgxNw-FPuFBWy6rPdG14AaABAg', 'Ugw7wapaeLXAtaig67R4AaABAg', 'Ugx7B9VcVFKwbtTcP0l4AaABAg', 'UgyPuzEMrq9OV-LF-yR4AaABAg', 'Ugz6bQAX1Pl9bmI71054AaABAg', 'Ugx1WKw9aNniQbsUxe14AaABAg', 'UgwJUBOG04oJbBi8Lc54AaABAg', 'Ugyoht3sKH_m3ecj0lZ4AaABAg', 'UgzCgbFrmuiWstaKo694AaABAg', 'UgwQ89cJOP3u4BxPKEp4AaABAg', 'UgxT450P8J31coUSeIx4AaABAg', 'UgxngIejjVo6P-w3t1x4AaABAg', 'UgxNCoDPkT_e-NfIH8B4AaABAg']"
10,LqY3TUW7skI,video,https://www.youtube.com/watch?v=LqY3TUW7skI,,,,,2020-08-12T17:54:53Z,The Royal Institution,What&#39;s the Real Meaning of Quantum Mechanics? - with Jim Baggott,Jim explores what are the most popular interpretations of quantum mechanics and how we might need to be a little more specific ...,130,"['UgyQANBXBzhzTmnCOWd4AaABAg', 'Ugykl7kintAz8-UnB3R4AaABAg', 'UgyUXeOxMO0Absd6HtB4AaABAg', 'Ugw7ZHE7x0KxYNsR5Sd4AaABAg', 'UgyCulgiwB7RkU53uyV4AaABAg', 'UgxLEVAlrysvxLoLiPF4AaABAg', 'UgwRGgqivIN0rjpz_z54AaABAg', 'UgzjYESlGtzJ3zlm4ll4AaABAg', 'UgwjwV-M16SbnS1N6Sl4AaABAg', 'Ugxk3cPnnLYs784LJ894AaABAg', 'UgzuDPQwyKP9R07bWh54AaABAg', 'UgynIfw7VGaHreoVM_F4AaABAg', 'Ugx6eIh1W4teTeyvv9F4AaABAg', 'UgwfytTLqLM0wHhN67t4AaABAg', 'Ugywfh7Cxkn0Z8rcA8l4AaABAg', 'UgxOVflsHm5Tt_XtJw94AaABAg', 'UgxNRGiRaoU5OovCxLN4AaABAg', 'UgxJY0Clu5_-bdmq6kR4AaABAg', 'Ugxn43N5UOf2ghFYQfd4AaABAg', 'Ugz_MG0ysAGlt1RSfMB4AaABAg', 'UgyeauQJnq08ZcorHDF4AaABAg', 'UgxC_P8Z7E6aLTS2kMB4AaABAg', 'UgxDGOHIHcRowQMHnHd4AaABAg', 'UgxXm_y-OiG_yn2m2nR4AaABAg', 'UgxtNlBsBO31afTW_gl4AaABAg', 'UgyI22q4bt6hDyKy46F4AaABAg', 'Ugzl18A2SXQUOGbzm-94AaABAg', 'UgwvEs6AOrciivCGO8l4AaABAg', 'UgzVd2cWFiw9qKnSDXp4AaABAg', 'UgwmAwyhMOcNYw0AeQx4AaABAg', 'Ugzkg4M9U32Su0s6ONd4AaABAg', 'UgxwlooI_mNuP9nWr6p4AaABAg', 'Ugwg16tdKVc9R56CdaB4AaABAg', 'Ugwo6ytRGnDea6WJxLl4AaABAg', 'UgxrV0Qsj84RquOkLjF4AaABAg', 'Ugxt1s7JaVK6kjoQjbt4AaABAg', 'Ugwk-dhq30B1QKaoiwt4AaABAg', 'UgxjBokMS2XI2AcDYsx4AaABAg', 'UgzjJ0P7B9UzQ2krbDB4AaABAg', 'Ugy0sEG23FsdyGvJut14AaABAg', 'UgxXpjoR1UtO1jiDRBV4AaABAg', 'UgyEDhycd3VNlMBotwh4AaABAg', 'UgyGW4IlNX2wqadfrth4AaABAg', 'UgxzVSjd-JrciqnBuRR4AaABAg', 'Ugxp1dreiwQVychPm7d4AaABAg', 'Ugx7j-5qFcOoQgYrahx4AaABAg', 'UgzaI6foRmF9HlmkurV4AaABAg', 'UgwRKZux_-6DajJG9tp4AaABAg', 'UgwD8BWcOQswC-T68C54AaABAg', 'UgzQUbcXjmbNoxJaAch4AaABAg', 'UgyiDqCAnJViYNvsAxp4AaABAg', 'Ugw2jDqQ9_Ulyte8Bq54AaABAg', 'UgxjZgfW-0oz62uySMB4AaABAg', 'Ugw3Z6X-1dqzvRYMLON4AaABAg', 'UgzqDVyeqtptt6ZK52l4AaABAg', 'UgznFptcdM1HMIaR1WZ4AaABAg', 'UgyF-ZHuQ9eop1RKb8l4AaABAg', 'Ugwt7mA4EhnaHHx0cjd4AaABAg', 'UgyycEsNTlsLvIopZBV4AaABAg', 'UgxgKZe_GoFdiRcPI614AaABAg', 'UgypqgBs4fGoAvvynpx4AaABAg', 'Ugz3ZYDxny9-NFs3BSx4AaABAg', 'Ugx0GRxyfArvZGyW2KV4AaABAg', 'UgyqfdQTNQj3owwIntN4AaABAg', 'UgxqK9np4z5NvQspGip4AaABAg', 'Ugz_pow780j9fEI1DeB4AaABAg', 'UgxcTH64NUO2MRpIwHp4AaABAg', 'UgyZUfPAlfZa4TEdOUZ4AaABAg', 'UgzuRQMH-6Ec1qPTrMZ4AaABAg', 'UgyVX-Al7_Q-1YU2AxZ4AaABAg', 'Ugy5xQd3yhRtILWHZ1N4AaABAg', 'UgyW42kwaO0NUSGWqQF4AaABAg', 'UgxzYUGx3Kixo7tacOh4AaABAg', 'UgzMC5g1JlSBX0xe3Gd4AaABAg', 'Ugz51kMWmxToLVvJQCd4AaABAg', 'Ugx3sunleKyiNGeBzNp4AaABAg', 'UgznSz211Byt9JbDP3t4AaABAg', 'Ugx6reHErd04SXo54TF4AaABAg', 'UgyhOFzbv1TiKs2O-Vt4AaABAg', 'Ugxp3sqxENFICKC9TpF4AaABAg', 'UgwyedNOmbWwjhvbifV4AaABAg', 'Ugwob3zTFMggVp6-_GF4AaABAg', 'UgzMi-WO6rKFnN2kkCl4AaABAg', 'Ugz-XhE1K0bmGc2F3_R4AaABAg', 'UgwvxIkgiiNoTHKYR3B4AaABAg', 'Ugw5fAbCyQBgpot5BEZ4AaABAg', 'UgyxIdjLQdrMQU4DMU94AaABAg', 'Ugw5ccw6EH59KeBfgjt4AaABAg', 'UgynHS1_CFk1K-iUICN4AaABAg', 'UgzUzVQ-BsvSIYeEg6h4AaABAg', 'UgzR9Ox8T-XGyKNgjg14AaABAg', 'UgwRUgFvVuJTFvPZPAh4AaABAg', 'UgzSXsOXWwJXKinWFup4AaABAg', 'UgxpG64jPq3RZjR0Gq94AaABAg', 'Ugx80vdh6m9hyRsGrlh4AaABAg', 'UgzB8R0eG-lU_c5qZ794AaABAg', 'UgyXah4ZBrF7iK5juWV4AaABAg', 'Ugxo_Fz4t9R6OFt1oHF4AaABAg', 'UgxA84YrEDXwANvHb2J4AaABAg']"
11,_iXlIhplWl8,video,https://www.youtube.com/watch?v=_iXlIhplWl8,,,,,2020-07-20T01:00:10Z,Motivation Manifested,NEW Joe Dispenza!! | QUANTUM PHYSICS | How To Bend Reality - (5th Dimensional Creation),"Speaker: Dr Joe Dispenza Joe Dispenza breaks down and assesses quantum physics, the science of possibility. He gives a ...",122,"['UgyrsXu-QX_ohQ6-oIR4AaABAg', 'UgwaIbN8Z0NUXmX2pyJ4AaABAg', 'UgzvRzmanyNncblfiSV4AaABAg', 'Ugw98WPZ3coD_aWQk_l4AaABAg', 'UgyqyGMRHzwt3raVLGN4AaABAg', 'UgzZHVC0V4fuJRtVHIV4AaABAg', 'UgzzUCIQINKaYwffAh14AaABAg', 'UgxTz58nyeTA-LQAHHJ4AaABAg', 'UgymvqQZp4TE0gjIxxB4AaABAg', 'UgxSOkzKS4ndopaznWd4AaABAg', 'UgxPJyTAPACTlsiFAgp4AaABAg', 'UgwEiAhN4FeqjRkDKFh4AaABAg', 'UgzQZ5yS-v2PUXaAflV4AaABAg', 'UgzBly7uBoS0zyOoHmh4AaABAg', 'UgxYP0I6ajmHGkI_NTB4AaABAg', 'Ugw1diALS8Ykm8SbWqZ4AaABAg', 'UgxGPo7zPSw6ziPPMgt4AaABAg', 'UgxJVdM47U8t_4hXa9B4AaABAg', 'Ugyw1cI6gBBLWCWvC8x4AaABAg', 'Ugw9MqyvOQoiD3ItTXt4AaABAg', 'Ugzx4lGxEXfvcp70vOd4AaABAg', 'Ugxs2ezOECfkqxddIw94AaABAg', 'UgxF0ZKd8j0e1rHrnZt4AaABAg', 'UgzOAz3slcT1zwNTKLF4AaABAg', 'Ugy0PMIu6wOo9_X59zp4AaABAg', 'Ugzozq3wEysfkhSVgUJ4AaABAg', 'UgzORhtVh3Waet9adf14AaABAg', 'Ugydfkm9hg9meIZn5-x4AaABAg', 'UgyT2wl2qwwLTk-CkZp4AaABAg', 'Ugz07aHIl4-FJlm_NeV4AaABAg', 'Ugy7TLsvQCRlr1vD3Gp4AaABAg', 'UgwOEjtSVqPzJqQibcx4AaABAg', 'UgwAJR-klnhTUPYIXfB4AaABAg', 'Ugw1IiLjbnUS5yXoYXh4AaABAg', 'UgwYJ-KH_YRZ6o2emcV4AaABAg', 'UgzbvjpnKj4plS2UOTl4AaABAg', 'UgxT5dnCz-6nok-Fb654AaABAg', 'Ugyvh4GYeEXR_75Nwul4AaABAg', 'Ugz-2GXtj9e7gDkJ_FN4AaABAg']"
12,QkZCPMVgR4g,video,https://www.youtube.com/watch?v=QkZCPMVgR4g,,,,,2020-12-14T16:01:14Z,TED-Ed,This thought experiment will help you understand quantum mechanics - Matteo Fadel,Can you win a game of quantum foosball— using a giant electron instead of a ball? Explore how to use quantum mechanics to ...,125,"['Ugytddw0eZToEQMjIt14AaABAg', 'UgzNEnAeyKvA2y2CxGR4AaABAg', 'UgxWdlYozupxoLcBS5Z4AaABAg', 'UgyZse0_vqayt67UiRp4AaABAg', 'Ugz3ZuuDyvkOy2G22oZ4AaABAg', 'UgxWhvH9Nr01FpUC3Q94AaABAg', 'UgywvM-5-XWBSJz0fGx4AaABAg', 'UgwKrnN1_Os8Y1vgD0J4AaABAg', 'UgzSPdKSWAb7JRTCY8F4AaABAg', 'UgzmYrtYleNBTuIzTNd4AaABAg', 'Ugz5DUH9D0c4m4MrSuR4AaABAg', 'UgxXp9bQaRm40T1pmuB4AaABAg', 'UgypuAlRCPe1vKfl5jx4AaABAg', 'Ugyu35fAGKnEsnbKapJ4AaABAg', 'UgxnoLUiGj65x9BIVap4AaABAg', 'UgwKs7zHAcS0WnhFBsV4AaABAg', 'Ugyy8iGeCYjGaw4Qpn94AaABAg', 'Ugyu_vCgMJyQSKFQf3l4AaABAg', 'UgzwwNJ1n75dJgWmaT14AaABAg', 'UgwmJvkDs-BrLKvxjEp4AaABAg', 'Ugyzz373BWy3MkK3YPR4AaABAg', 'UgwvgIBbVSAis-eN2MB4AaABAg', 'Ugwcy2imh1cUXLQNA2l4AaABAg', 'Ugx7vriwhIk4hFJjru94AaABAg', 'UgzvQR1kAe4JM_LpGWV4AaABAg', 'UgxNn-hJ2hEti2QZJet4AaABAg', 'UgxZlCcV-0Tsei5mEFV4AaABAg', 'UgwwOJjd8ktYFEB3GCN4AaABAg', 'Ugw6UthImeQsZjmVvvp4AaABAg', 'UgxJ4HJ3j23NyDiqk7h4AaABAg', 'UgzY-N37Pn3mxB-wqeZ4AaABAg', 'Ugy04Ox4h3SCuBDyh1t4AaABAg', 'Ugy9T0DPbILBpn65p554AaABAg', 'UgwW3msblnrywHVCSht4AaABAg', 'UgyjhBAMhIpwEKomyd94AaABAg']"
13,S3Wtat5QNUA,video,https://www.youtube.com/watch?v=S3Wtat5QNUA,,,,,2020-10-17T12:00:11Z,Arvin Ash,Quantum Gravity: How quantum mechanics ruins Einstein&#39;s general relativity,"Get MagellanTV here: https://try.magellantv.com/arvinash and get an exclusive offer for our viewers: an extended, month-long trial, ...",135,"['Ugx0K6g7CM7BnJoO7W94AaABAg', 'UgwqMfKLVXugXjHBVsd4AaABAg', 'UgyA9JZNlOxw-77Ml494AaABAg', 'UgzhlGKkdcPY-dzUVYR4AaABAg', 'Ugzcm9DGIFbmVCGAv4J4AaABAg', 'UgwH1ZZRu_EXo8Fjzct4AaABAg', 'UgwdMse-CVvmkWGwMvt4AaABAg', 'Ugy6z7qBNOezj7FSYDp4AaABAg', 'Ugyrs1Ijk11RelC2WBh4AaABAg', 'Ugyg8si55rdH2MShdTV4AaABAg', 'UgysykeIgoTk7nYroup4AaABAg', 'Ugz-u1PvBMCdGLbFq894AaABAg', 'UgzCVt8CSRXmdipyQiZ4AaABAg', 'Ugxva4VhWM4X0xDKA2J4AaABAg', 'UgzP-yMKbGClkH0qryF4AaABAg', 'Ugyo1ZE7GJAh2AzBC3l4AaABAg', 'UgxCr0LVZzCawFKot7F4AaABAg', 'UgyWVfT4UK9fL8rCNft4AaABAg', 'UgwLiWmrp8IBCyHBrNN4AaABAg', 'UgzFtwiZu1JSRJef2WF4AaABAg', 'UgyPUD5k3j2PfC8rr794AaABAg', 'UgzTkTycYqigieEOTbx4AaABAg', 'UgxApDRJ4gvJxz87siJ4AaABAg', 'UgyO7yBg2cA999X6DUF4AaABAg', 'UgwGIolHLHMlAunEVxZ4AaABAg', 'Ugxf-E0X5xocdgLjXXN4AaABAg', 'Ugx_5PtRP_AM67zl4g54AaABAg', 'UgyMj39mQhydNSlIhzd4AaABAg', 'UgzfybIzLVRuNtEbXLp4AaABAg', 'UgzjwTt91YSA-IBWSet4AaABAg', 'Ugx7uLfUOKjZnHBC8a14AaABAg', 'Ugz0pPOB2OLyfhe9uW14AaABAg', 'UgwPEu1QcI7EHg196wN4AaABAg', 'Ugx1XOIujfJX7xLyLPx4AaABAg', 'Ugy_TYI2-3Ux8G2ML9t4AaABAg', 'UgxgO3ruABz_6Y1ZL-p4AaABAg', 'UgyLv59skxF8RkKOlMx4AaABAg']"
14,1JCRDaa3ehk,video,https://www.youtube.com/watch?v=1JCRDaa3ehk,,,,,2020-10-20T18:56:01Z,PBS Space Time,Is The Future Predetermined By Quantum Mechanics?,"PBS Member Stations rely on viewers like you. To support your local station, go to: http://to.pbs.org/DonateSPACE ↓ More info ...",129,"['UgxBVo8rjRUGIILXeZh4AaABAg', 'UgyhE1zHJtBJSO5crKp4AaABAg', 'UgzgDNEmobIDClr5FKN4AaABAg', 'UgyNs8tJD3AhM8jnDiZ4AaABAg', 'UgxO_tTKILigZ5HH94F4AaABAg', 'UgxqCtZglYqYJtcFR0B4AaABAg', 'Ugy98G9uqQ-2lGInczR4AaABAg', 'UgxIl0uhB_QfguLK0bJ4AaABAg', 'UgzmcOT-dUb_HedHsi54AaABAg', 'UgzFdJW8JruPjJ_AbEZ4AaABAg', 'UgxkloCNMDCqPzD0rGx4AaABAg', 'UgxMCT-3f1f2b65GWgx4AaABAg', 'UgznGTfS2mc0mwUVjVh4AaABAg', 'UgxkAbZrTwArmkXqFVZ4AaABAg', 'UgwOzRZhbdjNdmV2_Px4AaABAg', 'Ugz_Z06Iob7cLhsQvv94AaABAg', 'Ugx0-n2SO_01Di2Nv5Z4AaABAg', 'Ugz4Nw8dICYZb10dX2R4AaABAg', 'UgypMuiOaLI-YzW3lLJ4AaABAg', 'UgyM6QNUk5tny7UY8K54AaABAg', 'Ugw7kmkVIMwCRxyJmaJ4AaABAg', 'UgyFhf4osJp-MH5vbE54AaABAg', 'Ugwih-tBACYpAMt_Vjh4AaABAg', 'Ugya4gnAm9uDy0ofhQB4AaABAg', 'Ugwr2FcqEBI6ZYs_OY94AaABAg', 'UgziQIAwWJHb3SV9Qnt4AaABAg', 'UgzPLNRvO1269pJNxhR4AaABAg', 'UgzHXU4sw1Wt2ISS0Cx4AaABAg', 'UgwYpfTGmyFDQV8O7OR4AaABAg', 'UgzatV-yohOm5KonbDx4AaABAg', 'UgwgrgwslkycdWvS3Vd4AaABAg', 'Ugwz1v0_sT4uZVE6xE54AaABAg', 'Ugx_nSaL2R0fxfXvNg94AaABAg', 'UgwiyK9T0nEei6UfyDl4AaABAg', 'UgwXGl9oD52thOrbTfV4AaABAg', 'Ugz5DNGTE7muHQZUFN94AaABAg', 'UgzNHa_hy68HVlUX7614AaABAg', 'Ugxtf9tfyUjUZyN1KSt4AaABAg', 'UgyKrsGCIi2IFfcQTH54AaABAg', 'UgypT3Zuw8a_mzJw63F4AaABAg', 'Ugwr4Zf7vEiTowm-0k94AaABAg', 'Ugxs61njEiAfhNqEtCp4AaABAg', 'UgwdV766cnRHTahkDi94AaABAg', 'UgxX9Xz9nrbMk7n77Dl4AaABAg', 'UgwO4t6Hx1Q3PFtj2H14AaABAg', 'UgyTJCeXZi3CL1tkYs94AaABAg', 'UgyCze_HplKNnsmP5dx4AaABAg', 'Ugye-o8RZN-6uhfepcJ4AaABAg', 'UgzMysHf79Hd7PoRrVZ4AaABAg', 'Ugz-DO-5NKdUR3FJRxF4AaABAg', 'UgwZUbDczy9ekjJWRqR4AaABAg', 'UgzJAEm-gtjzqCLl2mV4AaABAg', 'UgwhNUt9Og9svOCqkDZ4AaABAg', 'Ugzr9PbYP207-7bUie54AaABAg', 'Ugz2uH10zo_X_6tSHIl4AaABAg', 'UgxTVaual0P7VbdHRkZ4AaABAg', 'UgylmJ1SqJzxEJ0FQXd4AaABAg', 'UgwmHBTFvdT-E9YA4SZ4AaABAg', 'Ugw3H033T0Uv_GUYeAp4AaABAg', 'UgwxM2-4XaUNMBrNgU14AaABAg', 'Ugw85eIThbtFHNhzbAJ4AaABAg', 'Ugxwkl0Z55HCfOX79-N4AaABAg', 'Ugwiff-2nZJRCp5sTcN4AaABAg', 'Ugys8UcuGTtSA3qtQf14AaABAg', 'UgxiKai1FGfUfl7sLCV4AaABAg', 'Ugz7uLm8mGiU76GPnA54AaABAg', 'UgzDJXiJ5mPij93D0O54AaABAg', 'UgzQ3-kvneNL5qPY6Z94AaABAg', 'Ugx_8i8_hGlkm2xeMDJ4AaABAg', 'UgzJt-Md3N82NvP4X6h4AaABAg', 'Ugxb6kWH4jc1R0xu9u94AaABAg', 'UgxTlFNlua-mHOQuUg54AaABAg', 'Ugw_b418RCDSzGhWgOd4AaABAg', 'UgwTr41QnoVVr1kP8Rd4AaABAg', 'UgyZ16hEpQvhD78VcTd4AaABAg', 'UgzOkLfvIIdLkmj5V5V4AaABAg', 'Ugx4B28rrfmPaJUsTct4AaABAg', 'Ugxug3zQxHsEsg9hDwZ4AaABAg', 'Ugz_bDDY1kNb4Jk-14F4AaABAg', 'Ugyf5vhAI0LUNpFNnzN4AaABAg', 'UgygoArXALhzD812abJ4AaABAg', 'Ugze7DoPrPmQjkkWRRd4AaABAg', 'UgzUwaL4kSPg38Vl1HJ4AaABAg', 'Ugz05QQuFyllKDg_R394AaABAg', 'Ugzj12jtZco6Yj7eGKl4AaABAg', 'UgxiRxF9MbhPjLsSfzx4AaABAg', 'UgxydaKeF0ObQmWsB0R4AaABAg', 'UgzcYK3qNd41MRMFscR4AaABAg', 'UgxIua9mFxjVIlI71wF4AaABAg', 'Ugwn5Pb-gWxUHP4SQ3R4AaABAg', 'UgwJhpsH2N2hklqHjeh4AaABAg', 'UgwwqT74MbNZFL2cQhp4AaABAg', 'UgwnLCeDS1IlMW-_XfN4AaABAg', 'UgxanZPyQYyH4J8AwdN4AaABAg', 'UgyyvZUH0_Aci0xGQc14AaABAg', 'Ugzkyugk2-hafUNrwDd4AaABAg']"
15,xRPCmG6hx7g,video,https://www.youtube.com/watch?v=xRPCmG6hx7g,,,,,2020-12-25T16:28:32Z,Till Musshoff,Bitcoin &amp; Quantum Computing | Debunking every Bitcoin &quot;Problem&quot; Ever | Episode #5,Quantum Computing is often referenced as a threat to the Bitcoin network. But what's in danger and how can the network adapt to ...,131,"['UgzhPPJ1f4fqpuLU4BZ4AaABAg', 'UgyZAXAGQYXtcGiiLLZ4AaABAg', 'UgwKQhxLjibOZp0wZjl4AaABAg', 'UgzIzRjxe8x8Lnmjmwh4AaABAg', 'Ugwl73vtoFkvWoumPK54AaABAg', 'UgztAVzi77bVSyWWKP54AaABAg', 'UgzNBJ5lzzOSHfNJj3J4AaABAg', 'Ugxm98EiyNrQ7y4KS3V4AaABAg', 'UgyPe8s1TSN5vu2Xvw14AaABAg', 'UgxHaKc7J2N_8VHPlIp4AaABAg', 'UgyBlJyOFQKU0KcO1kd4AaABAg', 'UgwOIPLMTF6th1asr5R4AaABAg', 'UgzEtUKoJNQVuoqRrll4AaABAg', 'Ugzf7HZRy7jwVT4F7014AaABAg', 'UgwrPqelM0YF2dpBwfB4AaABAg', 'UgxiFEp99hVWZvDr7FN4AaABAg', 'Ugx6TcNGT4_GKhY6amV4AaABAg', 'UgwtE2NGqI-PjpTNvWd4AaABAg', 'UgzKmwzthW5KK-TviWd4AaABAg', 'UgwNBIs9tLOZxh_hs8B4AaABAg', 'Ugww7nnZwMNctEZXV0t4AaABAg', 'Ugz4DLZm4jFl9sFQOBd4AaABAg', 'Ugy3H-cZOtDcCBmKX-x4AaABAg', 'UgxupGX4-uPYSuf1l3x4AaABAg']"
16,fLJ9mvTS68Y,video,https://www.youtube.com/watch?v=fLJ9mvTS68Y,,,,,2020-09-19T11:55:40Z,Sabine Hossenfelder,What is Quantum Cryptography?,GET NORDVPN: https://nordvpn.org/sabine USE COUPON CODE: sabine USE THE CODE SO YOU CAN GET 68% off 2-year ...,110,"['UgyUwx2QNm30Lqfsyq54AaABAg', 'UgwJRyCGI-wYcXT0s8d4AaABAg', 'Ugzf69Pl7fJFdzpmx0F4AaABAg', 'UgyXXO8bY6IF36WW4Nx4AaABAg', 'UgzBoHVPBujrFgcd3SN4AaABAg', 'UgwaC6XiStZ_xMxTTQx4AaABAg', 'UgwkWTE1vBWQm4ZO4Pl4AaABAg', 'UgwPJgDY5sVeELplifZ4AaABAg', 'UgwXyAU2lzlHVah45up4AaABAg', 'UgySNrNrszWaQifg8Qd4AaABAg', 'UgwDDHKBSrNXQG-rH_l4AaABAg', 'Ugy9HvkkVuvv2VYrybt4AaABAg', 'UgyPhOnOYSwLwnd5DFJ4AaABAg', 'Ugz86cm4dphC0MRHeYV4AaABAg', 'Ugxuz2fLUpfm7ZeWX5p4AaABAg', 'UgynHHslUhNlY5S_Tyx4AaABAg', 'UgwDDF3CY77Ma111xZt4AaABAg', 'UgzP-Md2A9gN3T20gqB4AaABAg', 'UgyFzNcgxfqriWor-7l4AaABAg', 'UgyfuLjfjCTS_OR9mc94AaABAg', 'Ugz5hDtj5J6tTvay8Dl4AaABAg', 'UgzDu6WlGICQJIaacmB4AaABAg', 'UgxHXG7H8HNi9VoR14F4AaABAg', 'UgztXILEXL_l1Z4MgXN4AaABAg', 'UgyVtgk_EFm3ksDsM-R4AaABAg', 'UgxqRSCbJHR9wqVQJiZ4AaABAg', 'Ugxy9cSOget1e5gch3h4AaABAg', 'UgwFE9WfJuU5EKOCo054AaABAg', 'UgwMzTJVp-fSxWAmuTp4AaABAg', 'UgwkdN4twVyXFUUpkrZ4AaABAg', 'UgyHB4KfRbAg0vD_rAF4AaABAg', 'UgxKIKGCygH3KerCMnl4AaABAg', 'Ugzz3_LfToscX5dl8E14AaABAg', 'Ugwuae7vx_KB6s_AwHp4AaABAg', 'Ugwlb4VLi6lFZEdVb9N4AaABAg', 'Ugz2oIKmMi16WQlsEAt4AaABAg', 'UgySPhg3ioGsLMA8kuF4AaABAg', 'UgzyDGmzaibKkdj_UqZ4AaABAg', 'UgwX7N6Oo9zDa8Y0RlF4AaABAg', 'UgzIMoc6MrQu9__OUu14AaABAg', 'Ugz9yzqOsTAe9Hvol_R4AaABAg', 'Ugx0_pYcWUSia_L8KxF4AaABAg', 'UgxLPCDKrQzKTMVtkBh4AaABAg', 'UgwVwUxN4onTJXjlXil4AaABAg', 'UgxoQFWtH2II3IALg9R4AaABAg', 'UgzjtbbjQocoFUSpsQl4AaABAg', 'UgyDq5J1DIEfi--JY854AaABAg', 'UgytbVK1JpaOVu7tWb94AaABAg', 'UgwR0qfsIIzgyMM6dJh4AaABAg', 'Ugwd2UPNp3VvF7032-N4AaABAg', 'Ugzlq5szbgGAa-xgEzF4AaABAg', 'UgxhdgI7keWfe9yjrAZ4AaABAg', 'Ugwrw8VNiCUv3DwiND94AaABAg', 'UgzOl2A_icnCLbEenMF4AaABAg', 'UgzthlctcSc7jECB4_B4AaABAg', 'UgzhTiYjuBLzPnLw9tB4AaABAg', 'UgwpdeMU3JL3Z_E7a1B4AaABAg', 'UgxF1XYGB5TYHEMukx54AaABAg', 'UgzwAZCc7CpSuVPyhhB4AaABAg', 'UgzccFkrGqZ61wZ4m394AaABAg', 'Ugz9lh-RmO4vm2EdmUJ4AaABAg', 'UgzM0Gu_QwBZVWZs4a14AaABAg', 'UgxbZEIow7vYMEPhKRl4AaABAg', 'UgxKjiYCZDwDQ4gAXl54AaABAg', 'UgzUC8aQwwW_MaO8MjJ4AaABAg', 'UgxdJurrlBwkqrmW-CJ4AaABAg', 'UgwJSscq4B3xwt4kT-B4AaABAg', 'Ugw1Y2PZ4kHPxdnH-X14AaABAg', 'UgwhMMtNliy2Xi64H0t4AaABAg', 'Ugwt7OtU7Es2xCEqCtR4AaABAg', 'Ugyr_b_CWnt2bHl0Nkt4AaABAg', 'Ugzd2LkuPdVVTPzaomF4AaABAg', 'UgwWtktICkv9heJIhbR4AaABAg', 'UgxKjmQaVvL4K-irNHt4AaABAg', 'UgyfpDdWglMH7pKVpEN4AaABAg', 'Ugw2CKp5kh9-0IA8Bm94AaABAg', 'UgzNuCiDM5loYosGQFF4AaABAg']"
17,igsuIuI_HAQ,video,https://www.youtube.com/watch?v=igsuIuI_HAQ,,,,,2020-08-15T12:58:24Z,Sabine Hossenfelder,Understanding Quantum Mechanics #5: Decoherence,"To check out the physics courses that I mentioned (many of which are free!) and to support this channel, go to ...",114,"['Ugz9erqqFgK9xJQdfh94AaABAg', 'UgyBFXuDlVHHNDXgynt4AaABAg', 'UgyKUxypLaeJTH9EBl54AaABAg', 'Ugw-sjZWtKnosORHBVZ4AaABAg', 'UgxRVY-BnVX7BXGMaG54AaABAg', 'Ugyv28i85v22phzjy6x4AaABAg', 'Ugxihk-J0p3cnsbHGU94AaABAg', 'UgzrNdODtg0WQ4aZ5s14AaABAg', 'UgxbKBHvxGyw3CYLqc14AaABAg', 'Ugz_UXn2qr01xy56ilx4AaABAg', 'UgzH_5xltRoX3hx2hnx4AaABAg', 'UgzIfhldSoSYESykzQ94AaABAg', 'UgwearHkehUcfgZ5sdJ4AaABAg', 'Ugye8h1-2pgxkMjP-T94AaABAg', 'Ugya4dnFBPfc9MGearB4AaABAg', 'Ugx36ohhTZzQlNi0f914AaABAg', 'UgzoTAb_T_YySh2s73h4AaABAg', 'Ugw7fua8kGKkcqI6ZI14AaABAg', 'UgzLSurqsjmZHCzKFSx4AaABAg', 'Ugx5SsPRX-Ze19_PFgd4AaABAg', 'Ugx0jintYUwpXswNktl4AaABAg', 'UgxyGxqE0r5MPxGWc8t4AaABAg', 'UgyCBUnjooDILdQZwIl4AaABAg', 'Ugxw7O6vRX0LFf3Fiq54AaABAg', 'UgyNxsqcqYi7hzwmTqt4AaABAg', 'UgyvG3_e2OBR8UabG3Z4AaABAg', 'UgzSiszWfiZNNiNGmPx4AaABAg', 'UgyY3Xt7tfEk4-BuqPJ4AaABAg', 'Ugyk6zajfiro5kxeAtd4AaABAg', 'Ugz1_4t7osKIS2azSex4AaABAg', 'UgwxkVA6rdQtLejVXWV4AaABAg', 'Ugw81y_5amP8u0f5_1Z4AaABAg', 'UgzrSIWuj7bffbikXk14AaABAg', 'Ugz6p3uraYIIqiPUS8F4AaABAg', 'UgyB8u0MGDvhqy6dizh4AaABAg', 'UgzxSpWnQrn85jKi01x4AaABAg', 'UgxlWH3s451vwNSl2kF4AaABAg', 'UgybI-PleIbNcaOnD1V4AaABAg', 'UgyB1pfjSgpKJnq2-UZ4AaABAg', 'Ugz3CHWfIVTpc-YuZgx4AaABAg', 'UgwmdJ73AByNKHUsFfF4AaABAg', 'UgwEDA-DZXPUD_wFVp14AaABAg', 'UgzdMjoeY8xyF-O9xmJ4AaABAg', 'UgzVBQ6wJWn-9OfNzEd4AaABAg', 'UgxGwSGUOA4s9oB28S54AaABAg', 'UgwHQfUg8iKF-h73Q714AaABAg', 'UgwS4PxD9YJIHo8e8zN4AaABAg', 'UgyLtC9e5ciJd0Hgjyh4AaABAg', 'UgybTo6Q7SEyIkuumQ14AaABAg', 'UgxDmoyC6h2LgUTE6Q94AaABAg', 'UgzOWe9fYMbdUXKi1Cx4AaABAg', 'Ugz8AjU_I7KbCunZ7xZ4AaABAg', 'UgzV3j7ijT-4VB6RFyV4AaABAg', 'UgweTlWgMoP0RZKVfoV4AaABAg', 'Ugzti3ayCm6htqVi6QF4AaABAg', 'UgxTFcZOU7ugeCoc7AV4AaABAg', 'Ugx8XPvfZQ4MeTF44k54AaABAg', 'UgyxGHb12wolh3zhfyl4AaABAg', 'Ugx3Z6GUUKo20jPELTR4AaABAg', 'Ugw2KxJgEzgFI5U3aDB4AaABAg', 'Ugzn4NafdJIdtOvONQd4AaABAg', 'UgwPTH0nkR5bRo5_bgF4AaABAg', 'UgyTX0Fa36maqhoEsCN4AaABAg', 'Ugy1nfIqXKKqy85XLmt4AaABAg', 'Ugx_piFc1_kSbzfjMfB4AaABAg', 'UgwipObwvDI0Qx5svzx4AaABAg', 'UgzCn6CpCATStUmGUr54AaABAg', 'UgwxV9kbPCHC1_BTufx4AaABAg', 'UgyNCplOCgoCCSBFkMZ4AaABAg', 'UgyN5uz0-7Xx0PMJcbp4AaABAg', 'Ugyuqo9WoYvCIgwa-KF4AaABAg', 'UgygdB7WnqF36FWwoMl4AaABAg', 'UgzmoTAOH_O6D3zMWMh4AaABAg', 'UgzcUa9XiCJ5nO7EeKF4AaABAg', 'UgyArb0B9r1p2GNc7LR4AaABAg', 'Ugwd7J2aFYO2i56cXAl4AaABAg', 'UgyvfFz86vdodOoZN6F4AaABAg', 'Ugw1A0B2EJk3dXapCIJ4AaABAg']"
18,Zc9Xk99gCr4,video,https://www.youtube.com/watch?v=Zc9Xk99gCr4,,,,,2020-02-17T12:00:49Z,Up and Atom,Quantum Biology [Part 1] - How Plants Use Quantum Mechanics,Watch part 2 over on Pat's channel! https://youtu.be/almlINDXU5c Part 3 https://youtu.be/NW7VUFgwqg8 Paper which caused ...,123,"['Ugxv-TSYDDIWU8J3n9l4AaABAg', 'UgyBgZcfduFM--TeJ-R4AaABAg', 'Ugw-B75l9ScyYSVwEKt4AaABAg', 'UgxQo66QPThSf08y3zN4AaABAg', 'Ugw1-caW7vZm1XsRvmx4AaABAg', 'UgwGkFdAzC8SdDwMj5t4AaABAg', 'UgxqYZx869m4keLM5Kd4AaABAg', 'UgzSqNerrLHFlk-eko94AaABAg', 'UgwLrAE_d8ywHGta1-F4AaABAg', 'Ugy5ANSaPhVh5YmyD6t4AaABAg', 'UgymTdqjKqP4T2R4DS94AaABAg', 'UgzBChshcHmDhFVW_Z14AaABAg', 'UgxSTm8tdk0n9Aqb1Wt4AaABAg', 'Ugw7MQcxWC4qOxT9CeJ4AaABAg', 'UgzXLXSGhuIwPB9zcR54AaABAg', 'UgycbTJBj3rogSvrRa54AaABAg', 'Ugy17UidJjLbpk1k6BJ4AaABAg', 'UgzmBEJoG_BAlAOzQX14AaABAg', 'UgzM7z3xTXxfXOuQeF94AaABAg', 'UgycK-xOgDwl_1El1kF4AaABAg', 'UgwdzTCfn86Ux81JF0J4AaABAg', 'Ugw5KJOxiO7pRA92Qrt4AaABAg', 'Ugy_vqnRX_Zl7S3cAyh4AaABAg', 'Ugy0t3dZbcVM5m4heGd4AaABAg', 'UgzBumwqoOE5PVVQD_x4AaABAg', 'UgwU_qJIqjuYLerCuU94AaABAg', 'UgynL7mUKlDA1y5h5354AaABAg', 'UgysXn_YjtINHnerzEZ4AaABAg', 'Ugyr1gCPieAUrjj7whZ4AaABAg', 'Ugwln4YB7h7WVJ94lsJ4AaABAg', 'Ugymsgb0IUy1TtnR2sd4AaABAg', 'UgwyfndWA77V4YVBIup4AaABAg', 'Ugzn0y0BsQJcoiyfrI94AaABAg', 'UgwF3yIfab6h0iShYL14AaABAg', 'UgzaSF3i5Bz1AiPN-zN4AaABAg', 'UgzkKSKhiujKL2QFZr94AaABAg', 'UgwNGK9ghrxJPKakjEd4AaABAg', 'UgwLr-ICpFiJ8Gf-x3F4AaABAg', 'UgwsXJmNacF9l2xFAjB4AaABAg', 'UgzcNRDE3NX1c6DWt-x4AaABAg', 'UgwhFxm420V0mk134E54AaABAg', 'UgxN8mIgStfIF-nhg0x4AaABAg', 'UgyYzNK9Lq73KxgqZQF4AaABAg', 'UgxyIXEDKZJNeUOELnh4AaABAg', 'UgwcHONvzElbAc1crpl4AaABAg', 'UgxoCRl29v5CCnWsscd4AaABAg', 'UgxvHPNuyKcvvk_BcjV4AaABAg', 'Ugxt8-HmgKN0mcrNgKF4AaABAg', 'Ugz12PbKqOog3dIN9mx4AaABAg', 'UgzSgRjEGQ7Kn9u7wFV4AaABAg', 'UgwqOegucL3QOn5a5mt4AaABAg', 'Ugwjc08gjR-0ZuNZuSV4AaABAg', 'UgxlmDoew8-xC01TO494AaABAg', 'UgwlqmrQiu7IT5rCOtV4AaABAg', 'UgzjsK3Y6tMUZo2PLSJ4AaABAg', 'Ugw27-Bi3VCKqKqCoUV4AaABAg', 'UgxGKyELDmzPWR-sZBx4AaABAg', 'UgxEC9WrB_O1RwjEIQZ4AaABAg', 'UgzGYDNCLfmJG2S28Tp4AaABAg', 'UgwGAsVVRsPsenO0qEB4AaABAg', 'UgyLqblW5Yh896VGui14AaABAg']"
19,NAHkTaKLKR0,video,https://www.youtube.com/watch?v=NAHkTaKLKR0,,,,,2020-09-25T09:00:10Z,James Bond 007,QUANTUM OF SOLACE | Bond Gets Ambushed,Tell her Slate was a dead end…” Bond (Daniel Craig) is ambushed by Edmund Slate (Neil Jackson) when searching his ...,117,"['UgzTdNGQ5kkmBFGB-gt4AaABAg', 'Ugy0Lw8diEtVgWp1US54AaABAg', 'UgzB8Fk2hkpIHDW5cYR4AaABAg', 'UgwiWG9hHEc-Kepcerp4AaABAg', 'UgyQbNqH9nh8oFpNoth4AaABAg', 'UgyouYkbLlDRmcLKlS94AaABAg', 'Ugwr4yJw6ltjyI_CJxZ4AaABAg', 'UgwptnlzuhiVSyuLde94AaABAg', 'Ugxp_FrzkRZTx0SRJ9R4AaABAg', 'UgywiYr-eoiOTs4AX2d4AaABAg', 'UgyJbtW_YiOet9pPUhh4AaABAg', 'UgyWeV7DpmSSGr530vB4AaABAg', 'Ugx7_JuscoB4LcnUuGV4AaABAg', 'Ugwa7UFPgrfkP60PnKV4AaABAg', 'Ugx8w7tSofhJcyEPEnh4AaABAg', 'UgyUuMbU3r-Tcg7GkzF4AaABAg', 'Ugyv10nJsQNaFXJj6hJ4AaABAg', 'Ugz0vJtvYDGZ4MH1OHJ4AaABAg', 'Ugx02NgGXCsjY8BbGt54AaABAg', 'UgwZG6k-S2xFaPrhuwt4AaABAg', 'UgwGV3VdCsRnwVdANAJ4AaABAg', 'Ugy9x1pOj2Gltj9-rAh4AaABAg', 'UgxH-hn-YosVF-pYWJZ4AaABAg', 'UgxAnAdVonMmbcrykLF4AaABAg', 'Ugx1pFipkuc0ZDfY7Al4AaABAg', 'UgyWzWL3d0Ha-Hg5gaN4AaABAg', 'UgwFTDpfsJshJgpP9Gt4AaABAg', 'UgymVhB6u34HYlLs-XV4AaABAg', 'UgwriWfhHCvJ_-92PRJ4AaABAg', 'UgyujXH7TgmRna2CAjF4AaABAg', 'Ugw6RvdIdaC7HkNBybZ4AaABAg', 'UgyeCpNzMeRdlCSfG_h4AaABAg', 'Ugy8uJnbvOxyewNdYMV4AaABAg', 'UgyL5GnX-Zg8yH3SzTh4AaABAg', 'UgyNT3KV3TJTrGnOh5x4AaABAg', 'UgyqxNOJKtFtJLaq7t14AaABAg', 'UgxsjUy50jkff12PlNh4AaABAg', 'Ugy3N9Qp2gIq474WaK94AaABAg', 'UgzTdnPUbmrMhduPDSR4AaABAg', 'UgxCZdnC9vpsI8zDC4V4AaABAg', 'UgyKJgdvB6EeVan5ZGJ4AaABAg', 'Ugw_f9m8CAwkwNGBrMh4AaABAg', 'Ugwbk8EURGbok5L5Hkp4AaABAg', 'UgypsaFNgkA7vflBNZp4AaABAg', 'UgxIub1U3ZsEI1aWybB4AaABAg', 'Ugwl28CYjE_qQE_QY2p4AaABAg', 'UgyqJ981S051DCNZcyR4AaABAg', 'UgyIfIipFyu-9HSTRmh4AaABAg', 'UgxUHQrK-py1jQA4_Lt4AaABAg', 'Ugw0ut2zi2Gv1xTE9Vt4AaABAg', 'Ugw-UahDZdcI9Y9cc2d4AaABAg', 'UgzQB_Q_-KJGHOVh_Jt4AaABAg', 'UgxoWKC4XpJON-EyV9t4AaABAg', 'Ugw-cI3Ga7fFT8Rur8F4AaABAg', 'Ugzsx6Kv-TMG3YCfZSN4AaABAg', 'Ugz3NR8aPlSqAmL3wod4AaABAg', 'UgzmAPnxFZHrE1tbcOt4AaABAg', 'UgyaLilMhuTa4gVKzPd4AaABAg', 'Ugzx-KFHwsz6UDYUAcR4AaABAg', 'Ugw916vKF0DtHshSNNF4AaABAg', 'Ugxey7QDM9RmHYnFoWB4AaABAg', 'UgwZnqSUDEWiAHroCgZ4AaABAg', 'UgwHs0UgHzD3Z-VwU-p4AaABAg', 'UgxnSlvWJEUgdCvjJnV4AaABAg']"
20,6T2np_Q-dYE,video,https://www.youtube.com/watch?v=6T2np_Q-dYE,,,,,2020-11-06T12:00:12Z,Bernard Marr,What is Quantum Computing? Easy Explanation With Practical Examples,"In this video I provide an easy explanation of what a quantum computer is, outline what quantum computers are capable of today, ...",131,"['UgzMOp6u8FxDK2p5L5t4AaABAg', 'Ugwmd9RiJKLby7BiHyZ4AaABAg', 'Ugw40N-SC2wupgC83WZ4AaABAg', 'Ugzvs7k8rIhwlrW31ll4AaABAg', 'UgyevWGyS20myFEjrld4AaABAg', 'Ugw47jcWo_HuSAF-9dx4AaABAg', 'Ugz0RHMf_goTqUFOJ0B4AaABAg', 'UgyqFdSt4QKlZLU7CTl4AaABAg', 'Ugy_ngumxOSLZEnOgVN4AaABAg', 'Ugy_z6bS2KTPyLlD5-x4AaABAg', 'Ugwxt77ZYWCND4ClTS94AaABAg', 'Ugz0WidbXcbCH_DOoeJ4AaABAg', 'UgxZWWjUd9aNKbfMfFZ4AaABAg', 'UgxsSXjGYkK3P2bShIh4AaABAg', 'Ugxp5elTqt4B9to9ZJd4AaABAg', 'UgwZ3xNL9WDzrfMIEc54AaABAg']"
21,DSPDw1mJAiE,video,https://www.youtube.com/watch?v=DSPDw1mJAiE,,,,,2020-06-14T15:00:06Z,Closer To Truth,Leonard Susskind - Why is Quantum Gravity Key?,"Quantum theory explains the microworld. General relativity, discovered by Einstein, explains gravity and the structure of the ...",129,"['UgwlmI5_9cYCFw-fyAp4AaABAg', 'Ugyw4qNILwswSehmKdZ4AaABAg', 'UgyWmaiqBONAWR5R-zJ4AaABAg', 'Ugwx4N-Ngwg_nfIRASR4AaABAg', 'Ugz2bR0GtIh7wVAv2wh4AaABAg', 'Ugzp97Fns-dEm7CzSLJ4AaABAg', 'UgyNJgLZ_UNTGE7Nf8p4AaABAg', 'Ugz6Nbt_8vYscXDGlDt4AaABAg', 'UgzutazBNV6SUPXcEdF4AaABAg', 'UgyimKj78ZNFpixFAkl4AaABAg', 'UgzQ3C5QY2rQEyL01wh4AaABAg', 'Ugwx6DOpNVbBKiYEWQ14AaABAg', 'UgzPQbT2bz1Jz5gaaO14AaABAg', 'UgxlA-vev5_vb5VGou54AaABAg', 'UgxfKay22y7NTIPdvv94AaABAg', 'UgxB8XUcSFOEVA71mLR4AaABAg', 'Ugzk7TJS-uUQesRvWdN4AaABAg', 'UgxkhLbICjT2D43Jr_V4AaABAg', 'UgzteS1uCEOv3H68IXd4AaABAg', 'UgzfSw0rKhgWsUjD0kR4AaABAg', 'UgyF4nufvVWOEjSEnkZ4AaABAg', 'UgwAitDj8x68VVCEvvt4AaABAg', 'Ugzf-YSJVFYljtg52Qx4AaABAg', 'UgweGLbIXMS0G7URZkB4AaABAg', 'UgySyeF6cGhTu1zX8JF4AaABAg', 'UgwHqbcyb6IwEP8LLS54AaABAg', 'UgzuQLJ1PSnSXVkiWyd4AaABAg', 'UgwIMzB7fr_y6PF--UZ4AaABAg', 'Ugyyn6rUVt0Xy4LzbF54AaABAg', 'Ugw9cIlDUBYhYC4WMgB4AaABAg', 'Ugwv14cMpmiVtZ5aEi94AaABAg', 'UgyQevCySNYE6LwHGcR4AaABAg', 'UgxGSO7xeuolsm8Da1t4AaABAg', 'Ugybln6NY4naHoje-Vx4AaABAg', 'Ugw1UVujRQ-3R5s-ffN4AaABAg', 'UgzzryZDTCN02skEPkl4AaABAg', 'UgzP1jWvcDhijfIR8Ut4AaABAg', 'Ugyz0Xvq-Fx2_ngbPL14AaABAg', 'Ugxqlhzbgc7mT7la4514AaABAg', 'UgxxxJt8DrXxWTC30RZ4AaABAg', 'Ugxdg1WSXzYfpI9n-vx4AaABAg', 'Ugxo-xVMF84WNC_DjLZ4AaABAg', 'Ugzrt7NqmJIzsPc8-JJ4AaABAg', 'UgzkG2fdlu3neBsBwpF4AaABAg', 'UgzriZVPFB9QY9aiRGx4AaABAg', 'UgzPm-T9Yf_ERmBiBFV4AaABAg', 'Ugw9waSuYORI4Y057bR4AaABAg', 'UgyQc-Is0xpYrFHAozB4AaABAg', 'UgzPOZZBNNXNWVwoREt4AaABAg', 'UgzOTJphNWe76K9NkRp4AaABAg', 'Ugy2g2ee7h9DzBdmn_J4AaABAg', 'Ugx-HM2arTpl_mJasiV4AaABAg', 'UgzbUVoewYMZbaferNF4AaABAg', 'Ugw-xHUXqx01u9Ns0LZ4AaABAg', 'UgxfAV0PkpH2iYXaMkV4AaABAg', 'UgxzPRTVCywYcjKgLiR4AaABAg', 'UgyHOaySTV4dSxcdMzl4AaABAg', 'UgxxX_5w5-5ex3snK8R4AaABAg', 'UgxyFbo_iUrglOUvV7d4AaABAg', 'UgzGExDGXhJ3wrtd5ZF4AaABAg', 'UgxRbC9nXm0Y6DidrTt4AaABAg', 'Ugwyo9fefbRy9pDSc6x4AaABAg', 'Ugxvyb8gJfSjss72j2x4AaABAg', 'UgyKC41sSb1bArnL_-V4AaABAg', 'UgyrDO90_4Fblg00WHp4AaABAg', 'UgzJ3p2wTxJSOtUY0Lx4AaABAg', 'UgxKqBIr97ThMOHggL94AaABAg', 'Ugx_2YAWF7x92hj0S3B4AaABAg', 'UgyzkLNu8YypPezL0vN4AaABAg', 'UgzLIFa_6YTxUEHRBt14AaABAg', 'UgxsXkmqWgWYQ_QwCmd4AaABAg', 'UgySk3yUy1upoSeWqtJ4AaABAg', 'UgxX46QJXUiSHXj2-0F4AaABAg', 'UgyBoJB0SiAvlTU8ezV4AaABAg']"
22,Is7_5nQOkeM,video,https://www.youtube.com/watch?v=Is7_5nQOkeM,,,,,2020-11-05T22:00:05Z,SciShow,Quantum Tunneling Takes a Surprisingly Long Time,Quantum tunneling happens when a particle seemingly teleports across a barrier. But despite how instantaneous this event ...,124,"['Ugyqyb4zrvREsaadq954AaABAg', 'UgwITfB2Uysc9QJAyrZ4AaABAg', 'UgzbwFDHV_M2_-lZglp4AaABAg', 'UgxCGNjU6gRqjsylUzR4AaABAg', 'UgyyONyzKMykBSpiZCF4AaABAg', 'UgytBD3ls_-AbOvlklJ4AaABAg', 'UgwUcubEd0R_YFLDgUJ4AaABAg', 'UgwUw05ubZAfDVFSK_l4AaABAg', 'UgymF1NukaCktS9nolt4AaABAg', 'UgyfyDEuioqNHxLywtZ4AaABAg', 'Ugzf3ndNGFtuVaRkLnp4AaABAg', 'UgymDPI5FR8EcD-T_UB4AaABAg', 'Ugys14EvArpmTTl6zlp4AaABAg', 'UgwRYpYLXUN8zzVF-0V4AaABAg', 'UgxmGKDJs2s4em5UqQN4AaABAg', 'UgwNtlhjWolgv9VYAyx4AaABAg', 'UgzO3sAKE2mWmFXhe5h4AaABAg', 'Ugw-yjw0ya0lJmuoc3V4AaABAg', 'UgzTQnQaGiz5CRr025N4AaABAg', 'UgyVJQ03bJ2sxohW7yl4AaABAg', 'UgyFg9VIXzjqCodJF5d4AaABAg', 'UgxCFElGGU6Tbpikw7B4AaABAg', 'UgybxJfPbWs_rKDcHWp4AaABAg', 'UgyKrSuFTbXYeh1ywId4AaABAg', 'UgwHWVLrSASP_oTnAvJ4AaABAg', 'UgzI_DKMuWkK2lZlk5R4AaABAg', 'Ugy5X-iL6uqrrmzOZod4AaABAg', 'Ugx57urJKcmxHJ6cRPV4AaABAg', 'UgwcPhaapZC_OUqnRWN4AaABAg', 'UgzsTTWMwPVscV8iiaF4AaABAg', 'Ugy048JBaiIXjcVJMkF4AaABAg', 'Ugy7Cb_2-fQtQshiQfZ4AaABAg', 'UgxtRJyrnqR-3Q5Ve2h4AaABAg', 'UgxfRAA4WkIOSgvAl7F4AaABAg', 'UgwbYUAsW31JqHJ_wbV4AaABAg', 'Ugz4U4I9P6dLGP4G18p4AaABAg', 'UgyP19L-sAem79aNSml4AaABAg', 'UgwQ25b7INtWaXFR6rR4AaABAg', 'UgycllUXpmmtio4AhwR4AaABAg', 'UgyQSyu4k8Q7drr8L9h4AaABAg', 'UgxGnALHFLkEJmDDzy54AaABAg', 'Ugz4wtJKftJeo4cnizB4AaABAg', 'UgxCHnRCmRxxzYSsGel4AaABAg', 'UgzWPmJnJPHrcSENVuJ4AaABAg', 'UgwbiFdKVXMFsgl_60B4AaABAg']"
23,ba88EwG5b0Q,video,https://www.youtube.com/watch?v=ba88EwG5b0Q,,,,,2020-02-19T17:31:34Z,Microsoft,Introducing Quantum Impact (Ep. 0),"From early cancer detection to fighting climate change, new advances in quantum computing are inspiring solutions to some of ...",128,"['UgxmvmuHvmUP1wO4u6t4AaABAg', 'UgxcDd3X5hIn1Fw1oSB4AaABAg', 'UgxXnTD-3VuvlVYbAP54AaABAg', 'Ugzz4jWz0MP3Qpasx6R4AaABAg', 'UgwiZt2b6hWxVb0RUTF4AaABAg', 'Ugyt7VHyDHPWxNByuhF4AaABAg', 'UgyLHsB84aZ_2W8Kpfp4AaABAg', 'UgwOIBaGLt8nXwFxnt14AaABAg', 'UgwooiuVaAWbj3_kLgt4AaABAg', 'UgyXAcSXefPudQnJoEN4AaABAg', 'UgwZMLL7TGeuiR7WWV14AaABAg', 'Ugy9rLHknvZSNRMXKu94AaABAg', 'Ugw_UPDgEqSK3q-Efqh4AaABAg', 'Ugz638ZsUcjSQ-Kgw6V4AaABAg', 'Ugw3sewom9n5Ww8ZaQV4AaABAg', 'Ugyh-FQZt6ZeOLrDl_54AaABAg', 'UgxIkMgrbHSLPGE4-SV4AaABAg', 'Ugz59s8XrWBTKv_MZd14AaABAg', 'Ugy4f_PMxQNUNka54Fx4AaABAg', 'UgwAouwn610VC5kdxn94AaABAg', 'UgwORgUN9EenvMLrJ_t4AaABAg', 'UgyBjPK1QCf3Ls6Xfm14AaABAg', 'Ugz6CVMF5SxOlPDhXfJ4AaABAg', 'UgzwuJ5JYRlKfohC5Jh4AaABAg', 'UgxG3R5gERrgM7JeQ1Z4AaABAg', 'Ugx6ri4iwIem0NR70u94AaABAg', 'UgwuV87TNgLbIqXHq6t4AaABAg', 'UgzJwnjSrH0y9OeJjZZ4AaABAg', 'UgyuRK5Ug8IM9pceZIt4AaABAg', 'UgxVkCtq7sxK0JXOQqJ4AaABAg', 'Ugy6DrMQCMy57CS42Qd4AaABAg', 'UgwTbj1BrKJ6RkxW9_x4AaABAg', 'UgxIOvbBcDr73Oh1WOd4AaABAg', 'UgwppHJ2jGAZn_bIZgZ4AaABAg', 'UgzPzPQ0T_eOo4H4kzV4AaABAg', 'Ugxza8NQpDnYlVYFoWt4AaABAg', 'UgzqhJSiHeCaiGkYIR94AaABAg', 'UgxiokI2T8jjLk4TfQB4AaABAg', 'Ugx_LZANuRmmKHFuOOJ4AaABAg', 'UgxoqtZrWiiPda9JqkV4AaABAg', 'Ugy9SxjJryQcVLfnkUx4AaABAg', 'Ugwa120RGIovdx9-O2p4AaABAg', 'UgxfJo2oV3hNhkHFtN54AaABAg', 'UgxhZSqO4drV3FMUFXV4AaABAg', 'Ugxa3R6LI24lD9lCC_J4AaABAg', 'UgzUKmprIJgalIReZpx4AaABAg', 'UgypGTK9NQrX6TwWwLd4AaABAg', 'Ugyev6dyL4hcXMWC_S94AaABAg', 'UgwqjJ8u3NABUYUTv-p4AaABAg', 'UgxPcoiiY1KRHcjjbCJ4AaABAg', 'Ugx_ubU5BHfcEXqzP3t4AaABAg', 'UgxAskY1xkYiGmWQqkN4AaABAg', 'UgyZaqPeQPezY5ZG1JN4AaABAg', 'Ugyn4LT1K-O8b-y5qBx4AaABAg', 'UgxeYG0opObVE2Zy0794AaABAg', 'UgzUW2OfduU_9mDj0_x4AaABAg', 'UgwdXiNB4b9IeTIP_5R4AaABAg', 'UgxMcsE7XO_KGvzPTvB4AaABAg', 'UgwZr2kSFFc4MKPlcNV4AaABAg', 'Ugw_3ZwxZjzl8cdfafZ4AaABAg', 'Ugx_2sBEjFd1gHVaZ5F4AaABAg', 'UgwuVuZqMou5P3kdSd54AaABAg', 'Ugwp6cCsu6Ta6kpFK7t4AaABAg', 'UgyzkIcM-NbQKM0DIGB4AaABAg']"
24,i4Z3Bb6ObSA,video,https://www.youtube.com/watch?v=i4Z3Bb6ObSA,,,,,2020-01-10T17:12:35Z,IBM Research,What problems could quantum computers solve?,Quantum computing is about tackling problems that cannot be addressed by classical computers. What kind of problems? Watch ...,126,[]
25,f2bRLJLiuMs,video,https://www.youtube.com/watch?v=f2bRLJLiuMs,,,,,2020-10-07T00:00:03Z,StarTalk,Neil deGrasse Tyson Explains How Quantum Physics Can Spoil Food,"How can quantum physics spoil food? You know how food usually spoils, but quantum physics?! On this StarTalk explainer, Neil ...",128,"['UgxoDti5bqPvr4KiTkF4AaABAg', 'UgyIu5FZU1YJsWRqo854AaABAg', 'UgzrFCLCfO11991cnoV4AaABAg', 'UgxBP1DhtKf0CT2Ylk14AaABAg', 'UgzC7g-FHFvrxqKB3l54AaABAg', 'Ugwm8jYdhJsyAQiLEOV4AaABAg', 'Ugz3pYeCXI2Qw88gmHp4AaABAg', 'UgzHfo4-F-koj0DhkqZ4AaABAg', 'UgwwNeubJxiO1qnOX2R4AaABAg', 'Ugz-0LLLpsCbownHjD54AaABAg', 'UgxIljCF5QMQQRHfI7t4AaABAg', 'UgzkndZcR3_qySrCP_h4AaABAg', 'UgzVNysFaUH9H8CIEeV4AaABAg', 'UgxKgEiNNhdnXOKU5354AaABAg', 'Ugx0_d-V1PndVnGoEgx4AaABAg', 'UgwU49jsXM20N1elGi94AaABAg', 'UgycWlNY-InjwejdRwt4AaABAg', 'Ugzl2AEUu2rzV8v4JzB4AaABAg', 'Ugxsit4UBbEFsKMON3h4AaABAg', 'Ugw__3Y8UXk92iT6ZAx4AaABAg', 'Ugw6A9QyEkwPAyleDeZ4AaABAg', 'UgyNSoNUFUW7S1eLU0Z4AaABAg', 'UgzcfSjNbrvqA2QcXVV4AaABAg', 'Ugwl4JD4FFKwXPPhtDx4AaABAg', 'UgxxCnCsAF7DS5yQAD54AaABAg', 'Ugwo5j7NZVqnRFIo1nZ4AaABAg', 'UgxLJFgQNgQ49owIsBd4AaABAg', 'UgyMTJZMGEC1ZqHwx0h4AaABAg', 'Ugzr3GznCPLs_w3mLhB4AaABAg', 'Ugwn4t540-9DlluC2AN4AaABAg', 'Ugwr3pKZk8-3VkEvrs54AaABAg', 'UgwQT-Q79ELKGGYFcdp4AaABAg', 'UgzfIeaKzynEMmwFSuZ4AaABAg', 'Ugye6qAg_SvPmptoVQB4AaABAg', 'UgzYFsw475gp_IAACW54AaABAg', 'Ugzf05uJOaeqVVykLQJ4AaABAg', 'UgwfO-DZshpS7VX4XKJ4AaABAg', 'Ugw6ZzrqmVUAdI3jc5t4AaABAg', 'UgyCdd7-jpI3KOdowQR4AaABAg', 'Ugz49JqpvnM5Fuf_BIB4AaABAg', 'UgzkmqCKoFR7vb9RlYh4AaABAg', 'Ugw6U6mGPpnjgehDaZt4AaABAg', 'UgzWDGgSnYbL3y6PYX14AaABAg', 'Ugxy2t8aLjI5fBYGgZ54AaABAg', 'UgxJbU7qIJBFcAMo_mR4AaABAg', 'Ugw7Ud13zex7LdR33nZ4AaABAg', 'UgyDpCUCEqj-g1TmFnJ4AaABAg', 'Ugx_XQb5lW5AZ8vfgTx4AaABAg', 'UgxCwn3tBWJN1047FJd4AaABAg', 'UgyOe9FGeUfdqVmwxmB4AaABAg', 'Ugw8HAS6idAnSq9rtPl4AaABAg', 'UgwoCCdIbpleTod-W7Z4AaABAg', 'UgyBu952vAIbIuO43Uh4AaABAg', 'UgzPenBPdZeGMwFVNVV4AaABAg', 'UgwW7x5ha4o5JI1gs014AaABAg', 'Ugzia7tYWbPW1SFWwuF4AaABAg', 'UgwVjn9GgYhue_ZomDR4AaABAg', 'UgyDo5p8bLrKlQov7tB4AaABAg', 'Ugwo4yawJ_i_Kk7_yP14AaABAg', 'UgxaHfOp2zPiGyvaAVZ4AaABAg', 'UgztuM38rK5cFH64GBx4AaABAg', 'Ugx449t13puvgmuYTJ14AaABAg', 'UgzsWdfeen1ClqktjI94AaABAg', 'Ugy23hk6rbhCh_vTF2Z4AaABAg', 'Ugxiw_sL0f7EVG6fwzB4AaABAg', 'Ugydes0qQNUhFwXPz4B4AaABAg', 'UgyVG73eQ05KjXiRLbt4AaABAg', 'Ugz3RQSBM_TK0L-QvPN4AaABAg', 'Ugz2wCFw-im4O97smVx4AaABAg', 'UgyB2fAuTKeqXUgCNTl4AaABAg', 'Ugy47hQg6iPA4S1zKQ14AaABAg', 'UgxU6kH75QJicgwWbjp4AaABAg', 'UgwPc56p3S22l_1GuUR4AaABAg', 'UgwUpJAHic5F3BAIkqB4AaABAg', 'UgxuluGD1foeRwlKFgh4AaABAg', 'UgxeUmOvw-32HaodWJp4AaABAg', 'UgxJ4jX_qF9BwZjENRx4AaABAg', 'UgwpH5eRtPmjijh0W1p4AaABAg', 'Ugzn-4tsoLlzMTccWJV4AaABAg', 'UgycJGRRgL572eXv03d4AaABAg', 'Ugygvn1AlWPDb9H9Tet4AaABAg', 'Ugy-oX-R_lRVxONsfrV4AaABAg', 'Ugw6rZ_fq9zJAxc-AxJ4AaABAg', 'UgyyLpJhpuN8C0HDnER4AaABAg', 'UgxThZ-JdkgnR_STnXl4AaABAg', 'UgyIeNsEvwrr_T52UJh4AaABAg', 'Ugw0cv98WOCXEX6zXed4AaABAg', 'UgxU_r2j0HEIyxD_s-Z4AaABAg', 'UgxlbuqgBUGvnx7XQrF4AaABAg', 'UgwIH1mB_Cfz7oE4U-R4AaABAg', 'UgzRkwHzJMJ6LpxqFwF4AaABAg', 'UgwZs4SuoU0zPDz-_qF4AaABAg', 'UgyVWIXsrlSRHwYfVn94AaABAg', 'Ugzr7gtPt7NZSx4IURx4AaABAg', 'UgzLg5r_oi8NZWpZJsV4AaABAg']"
26,BsrqqlV6hJs,video,https://www.youtube.com/watch?v=BsrqqlV6hJs,,,,,2020-09-10T14:00:02Z,Quantum Flagship,Quantum Simulations: Modelling the behaviour of the physical world,"In recent years, the field of quantum simulation has been developing rapidly. Experimental advancements are giving rise to a ...",128,[]
27,QF7QfE6qgTM,video,https://www.youtube.com/watch?v=QF7QfE6qgTM,,,,,2020-03-04T19:00:04Z,WIRED UK,"Quantum computing and quantum supremacy, explained | WIRED Explains","Quantum computing could change the world. It could transform medicine, break encryption and revolutionise communications and ...",128,"['UgxSwDJ-_DLJubGqd-N4AaABAg', 'UgyKMdyTGci83brz-LB4AaABAg', 'Ugxg6HrZuGKhzuTOwBt4AaABAg', 'UgwNkhwlMTNFMMFraoZ4AaABAg', 'UgxHjJgG5kuvgdPzbmF4AaABAg', 'Ugw_VUbNxTr3PoH8y6t4AaABAg', 'Ugxtuw6QrYjTXqZ8gW14AaABAg', 'UgxskocLHbCaPm1z3UB4AaABAg', 'UgxFlAkRoQH2IQN3oPx4AaABAg', 'UgyjYt9d_IaocFY_thZ4AaABAg', 'UgwL_GU55YvZhRcFhWR4AaABAg', 'UgyIr7Z4Nv8nWg3ubkp4AaABAg', 'UgwHfd0w0smVMpqvIKp4AaABAg', 'Ugwan4EMQLk7j1vyGb14AaABAg', 'UgxCGE_KIhtpjDe-7Gd4AaABAg', 'UgyPDvSFb-DsObA5x0h4AaABAg', 'UgwHsFAhNOqs4yVT5nN4AaABAg', 'UgzFv5KorUmA0eCbD8V4AaABAg', 'UgyhHlCdtIXnOxdFZYx4AaABAg', 'UgzujBmlCvaCkC7BCk54AaABAg', 'UgzcVccFAXMerB_NZrp4AaABAg', 'UgzfMfyeP-QlaXWBL7J4AaABAg', 'UgwswD4Qf-Sr10te72V4AaABAg', 'UgwO2ycfLUtLBuTKz0x4AaABAg', 'UgwHiSicofLwqIL-gER4AaABAg', 'UgxNMhalwoRCSR6Y-Ap4AaABAg', 'UgyD2m0KQiX--DuOeoR4AaABAg', 'UgzGUXODoHBNdA4FRFt4AaABAg', 'Ugx7rNM60vfhOSF72AZ4AaABAg', 'UgwHUssqVTrAS-Lr6KJ4AaABAg', 'Ugzwbxxgp27j7Jliwod4AaABAg', 'UgyBX_gRv6VVfDVVcnx4AaABAg', 'UgxcDQuNCbyapwntZ4h4AaABAg', 'UgzyK5L0jUxRLYV4gch4AaABAg', 'Ugx4EmJBtNmdqSognZ14AaABAg', 'Ugy834_FD7GVlxVBmSV4AaABAg', 'UgzKUHV2LBQ_kBbWzWF4AaABAg', 'Ugztx6uTGjS74mA72NF4AaABAg', 'Ugzr58PqAZxKgNVLiNJ4AaABAg', 'UgySPI0sPsca2FwpTbt4AaABAg', 'UgxjKLA0yyvVQ-tVzJh4AaABAg', 'UgwDR4tUY-niHTn6LaR4AaABAg', 'UgzHzVG6inHOvHlQUvl4AaABAg', 'UgzZ3ssj9xmrWmUAxjF4AaABAg', 'UgxIno_k2JyT_5rji3h4AaABAg', 'UgwYzp2odwK1Ubb2mnJ4AaABAg', 'Ugzhx1OO5QIrWQlDyCN4AaABAg', 'Ugy6Ossc7N7i-8Oja5R4AaABAg', 'UgxiSb2uNKFaSpHDR2Z4AaABAg', 'Ugx6GvF_h08uiCR1cqJ4AaABAg', 'Ugwu2FZad7BwT-jHOOV4AaABAg', 'UgwoIXubuZbyPeyYP-V4AaABAg', 'Ugxh9KePxhayAXOnNHZ4AaABAg', 'UgwtsqD1AooilV84LiF4AaABAg', 'UgwPPTlV7ks_dEwJUGx4AaABAg']"
28,ctXDXABJRtg,video,https://www.youtube.com/watch?v=ctXDXABJRtg,,,,,2020-07-18T11:05:58Z,Sabine Hossenfelder,Understanding Quantum Mechanics #4: It&#39;s not so difficult!,Go to https://brilliant.org/Sabine/ to create your Brilliant account. The first 200 will get 20% off the annual premium subscription.,133,"['Ugx-4r_Y49P5ne_CF0V4AaABAg', 'UgzkRNzAiGj4IMM2rxd4AaABAg', 'Ugz_F6JX1TzqNIU9Lm94AaABAg', 'UgzHycoUIJFGK82gPpF4AaABAg', 'UgxP-MBIVueiyFiLCHd4AaABAg', 'Ugy7lEf7zsne3ltD1fl4AaABAg', 'UgzxaJb6FzvdDdnn8ot4AaABAg', 'Ugz4QHayrUBq1xy9f0d4AaABAg', 'UgyP-vVTLLyw6JPq6wd4AaABAg', 'Ugzteyhg1JZR9Yu0Rvt4AaABAg', 'UgxuV5-1npvtmpR0EI14AaABAg', 'UgyHVvYgm_QsKIx04zJ4AaABAg', 'UgyoJt4fvEVG9YAUHHZ4AaABAg', 'Ugw7nWUpMrYJO1k3Z-94AaABAg', 'UgwJYLk3EBr4lsQa6rd4AaABAg', 'UgxeSubFne3Tajm-lAx4AaABAg', 'UgyL5JBW97z1z7jUJdN4AaABAg', 'Ugzx8irS-Z2REYL0i8h4AaABAg', 'UgyNA8y763Wj1F3Td0t4AaABAg', 'UgwTAM3ZbIDUPEoGm8R4AaABAg', 'UgzOAOIT_sGXqTBaWo54AaABAg', 'Ugxh1Ehve72ewzkmrbN4AaABAg', 'UgzxakNtb5FxjAkARx14AaABAg', 'Ugxfy9s-p6NtctmiXQ54AaABAg', 'UgwxJTgLcAyRpz4qO6l4AaABAg', 'Ugyq17EtjvFcpIiwtLh4AaABAg', 'UgyF43O9zLmBMzzODg14AaABAg', 'Ugy-ka9WWBp3mbmBOIl4AaABAg', 'UgymqTH9cggNg4zvfUZ4AaABAg', 'Ugw7BTjt5melUvVw_4p4AaABAg', 'UgyJfcbR3XVqOkreVxV4AaABAg', 'UgwGuQj-KMEyM_fNwwV4AaABAg', 'UgxU_mxi1JesUgiGD7V4AaABAg', 'Ugz5ly5NW3-OLG5DGjF4AaABAg', 'UgxFjrqSXD6bamPmnj94AaABAg', 'UgwH2nSpI-x3UwsKHEN4AaABAg', 'Ugy80_0tyhGmh5w6Oux4AaABAg', 'UgwCS8c-KdN6rHecnTB4AaABAg', 'Ugxce5sEmFaNKnjdtu94AaABAg', 'Ugzfx3PCXY1wzhJz7ll4AaABAg', 'Ugy414Ooq_xCdIdLN714AaABAg']"
29,KhrTTqwKjn4,video,https://www.youtube.com/watch?v=KhrTTqwKjn4,,,,,2020-11-12T13:49:43Z,Duke University,What Is Quantum Computing? | Quick Learner,"Most people know of quantum computers from science fiction references to future technology. But what are they, exactly?",119,"['Ugyl9zSlIu0tc9rzv1h4AaABAg', 'UgzImlwhzWWm23Jkjph4AaABAg', 'UgwutQZFJahDFiORjx94AaABAg', 'UgxiRVZfA_CRg7zyVaF4AaABAg']"
30,17ysnTF_jLY,video,https://www.youtube.com/watch?v=17ysnTF_jLY,,,,,2020-11-19T15:41:31Z,AGRI nova Science,QUANTUM FLOWER - AGRI nova Science,QUANTUM FLOWER estimula los procesos fisiológicos de la planta relacionados con la floración y el cuajado. Con este ...,119,[]
31,MmG2ah5Df4g,video,https://www.youtube.com/watch?v=MmG2ah5Df4g,,,,,2020-10-31T13:00:04Z,ScienceClic English,Quantum Field Theory visualized,How to reconcile relativity with quantum mechanics ? What is spin ? Where does the electric charge come from ? All these ...,124,['UgxSJ9wfDgIHxJSQoeJ4AaABAg']
32,xk48z8N-sl0,video,https://www.youtube.com/watch?v=xk48z8N-sl0,,,,,2020-12-17T20:20:28Z,World Science Festival,"Brian Greene and Leonard Susskind: Quantum Mechanics, Black Holes and String Theory","Renowned physicist and pioneer of string theory, Leonard Susskind talks with Brian Greene about some of the biggest ...",119,"['UgxEDbKSAG6lq_XcFit4AaABAg', 'Ugx0VkJ15CaqcCDK_Vx4AaABAg', 'Ugx1bDcbo13ST_2eKER4AaABAg', 'UgxYtfqAr79qTPG1qXx4AaABAg', 'Ugw5tBGeDn2E7J_5ODJ4AaABAg', 'Ugxwq5NI6WbaCXp45U54AaABAg', 'Ugwd8238x-rT55Z8ant4AaABAg', 'UgwYft34kL_vTxLPbFV4AaABAg', 'UgxuSd1Ru_jGZM3g-kt4AaABAg', 'Ugz_53al1AkkViJEBoB4AaABAg', 'Ugxbv8KKW2WNQYGKE1x4AaABAg', 'UgzL09VEEtgsa89AlBN4AaABAg', 'Ugwg5ncnJh0fkucg57N4AaABAg', 'UgyuZiGeFJ3NpqdDX1x4AaABAg', 'UgyvipzgIhIrua5esox4AaABAg', 'Ugxd51rktiRAA8ZoaGV4AaABAg', 'UgxXdTR0PeYdz6Hn5m94AaABAg', 'UgyrEfGRLGHHvR1tkCF4AaABAg', 'UgylzFjzSTv8LFXLYkV4AaABAg', 'Ugz7h4O5h9LGoA6CQlV4AaABAg', 'Ugz-m57mSx2EFSFsteV4AaABAg', 'UgwIVwfxoPc5Hz5XoAN4AaABAg', 'Ugx-u34DOVlWPwGhnU54AaABAg', 'UgxFosmkQRvLPvVO3w94AaABAg', 'UgzKs1fbL6Dt7vOuVDV4AaABAg', 'UgzkBTbNfOkBNaFCOxR4AaABAg', 'UgyIWeI8UPNKlyyncV94AaABAg', 'Ugz8BzIYlToX00G-4Ud4AaABAg', 'UgynyefDd5DIHg-lu9l4AaABAg', 'UgwUC11QBcrOujxFDBl4AaABAg', 'UgxPcKcMPmunZ94mR3B4AaABAg', 'UgxjVgnA4K7JZrQkC294AaABAg', 'Ugx0EARX3q7bt8DXlhR4AaABAg', 'UgyRGoM5bYvVbXrIyDt4AaABAg', 'Ugw4bDd2ZNDopOaEDxZ4AaABAg', 'UgyTCri0riGz_g3llNZ4AaABAg']"
33,1cIl3m-fmnY,video,https://www.youtube.com/watch?v=1cIl3m-fmnY,,,,,2020-08-12T11:00:00Z,Professor M does Science,Identical particles in quantum mechanics,What do we mean by identical particles? In this video we learn about identical particles and compare their properties in the ...,128,"['UgxKsZaEkUY0pSn99wB4AaABAg', 'UgxSVoJZ1vUY3ajgiKV4AaABAg', 'UgzIxnIv2SnwjYvopTp4AaABAg', 'UgzLfuIB3r7uJ6xKhC14AaABAg', 'UgyxkNpRpyFzQxsoHiV4AaABAg', 'UgxKTdO6rKNHOUoLT1h4AaABAg', 'Ugz4pg23NWR84VptMQt4AaABAg', 'UgxPCNlEW_IVu-rQ1PB4AaABAg', 'UgzQk_4NXFYnty4ptLd4AaABAg', 'Ugy9pOhTg7T6tR8rWk14AaABAg', 'UgyoWpwnQJs0dzyxSOh4AaABAg', 'UgxrDlMcKirkXRk-U7N4AaABAg', 'Ugw5k9SJupT6Tm80qBV4AaABAg', 'Ugw7fT_kvGVN6Z9MrIp4AaABAg', 'Ugz8sa3SBW7Dej4g1bF4AaABAg', 'UgyQbomF_zE8ttXIBD94AaABAg']"
34,5dDF0c7cy5k,video,https://www.youtube.com/watch?v=5dDF0c7cy5k,,,,,2020-12-14T18:11:22Z,PowerfulJRE,Joe Rogan Talks Quantum Mechanics with Astronaut Terry Virts,This clip is taken from the Joe Rogan Experience #1577 with Terry Virts.,72,"['UgzeWUAmeaKDQnm6JQx4AaABAg', 'UgzKOLsBiSu_VoCVXZV4AaABAg', 'UgxPkxa4T08EjzpcIBl4AaABAg', 'UgwnHPXIwOCqjBUu-Nx4AaABAg', 'UgwfM7xOQ54iWP6l5P14AaABAg', 'UgwM5jVMvh91IFz-d4d4AaABAg', 'UgwEfzjwD7WHtuTCH9V4AaABAg', 'UgyUIMtONtEjsfw2uq94AaABAg', 'UgzcDwNCaBCyTTfb_kl4AaABAg', 'Ugw7PVWa3dINZXjC0MJ4AaABAg', 'UgyQjB1FxbJput74T-B4AaABAg', 'UgyMNbFBW-NS9bOImqB4AaABAg', 'Ugywf_L-1NOTe1aEcTN4AaABAg', 'Ugzk8kF8v8F9LnNAE-t4AaABAg', 'UgxrMFM9qMf4GcxEeZ14AaABAg', 'UgxwMhKPdyK9Txy3kCJ4AaABAg', 'UgzTV1SVlQje289b7QN4AaABAg', 'UgwAwfj57kfNIGCLAe54AaABAg', 'UgynzG3_20E88VTE3Q94AaABAg', 'UgzDmwRa8PTTl4YuatJ4AaABAg', 'Ugy2VK8j96zdE_0BhJh4AaABAg', 'UgwNsXy6kXIHyHXTJ6J4AaABAg', 'UgyDQgEQwSJub0Mn2rB4AaABAg', 'Ugx7mg5bCw7_5afFKD14AaABAg', 'Ugz83fRYafVn97zIoeZ4AaABAg', 'UgzoedXTEo2gXBTFIk94AaABAg', 'Ugz4F0eGTDIbIF-vMBx4AaABAg', 'UgxmD6wuEew1GeypJoV4AaABAg', 'UgwDThmtMq6lFSkvm0F4AaABAg', 'UgwMZfD-Ol2Hs_yDl1t4AaABAg', 'Ugxn10zVXU5a5Xz57Jd4AaABAg', 'UgyUYF4DX3DgOLpHiFN4AaABAg', 'UgwHRsd7XuJnaf55CyV4AaABAg', 'Ugzz_uzsKDl8_DgJIv54AaABAg', 'UgxX48GrI9c2AZy_huB4AaABAg', 'UgytewUDz6OeNIdhoCp4AaABAg', 'UgyzU-ixDKuYVU3n8CF4AaABAg']"
35,7RmBH96QNyQ,video,https://www.youtube.com/watch?v=7RmBH96QNyQ,,,,,2020-10-10T09:41:41Z,The Secrets of the Universe,What Is Quantum Mechanics &amp; How&#39;s It Different From Classical Mechanics? | Quantum Physics Lectures,Basics of Astrophysics Series: https://bit.ly/3k0dFVP Contact me on e-mail: rishabhroynakra@gmail.com Or on Instagram: ...,122,"['UgxxUesKMDqNii6eM9x4AaABAg', 'Ugyk-ZkMZClEhpV8UlJ4AaABAg', 'Ugy46PTkqVFK_GYVxHF4AaABAg', 'Ugx8WwiUx3fd07sHm454AaABAg', 'UgxQhXXCzrd1V2E4oAJ4AaABAg', 'Ugw_fDkj6gnYuIUVbe54AaABAg', 'UgwejWA9LRX9-lqHHWB4AaABAg', 'Ugx4wJIfjEFXZPSxeTF4AaABAg', 'UgyAt1vfKR4Gtu8I5SJ4AaABAg', 'UgwIt8ucWCwvPqGhD1B4AaABAg', 'UgyX4J1yHdoJ_GEQf-Z4AaABAg']"
36,XQ25E9gu4qI,video,https://www.youtube.com/watch?v=XQ25E9gu4qI,,,,,2020-07-19T20:39:25Z,Physics Videos by Eugene Khutoryansky,Quantum Physics – list of Philosophical Interpretations,Explanation of the various interpretations of Quantum Mechanics. My Patreon page is at https://www.patreon.com/EugeneK 00:00 ...,128,"['UgzwS5xXe21TlUrm1tR4AaABAg', 'Ugxu7ADzYvhytGVOA9t4AaABAg', 'UgynjUIide4OYLGilKV4AaABAg', 'UgxU9-2UFNy_htmFmNF4AaABAg', 'Ugw6IRC6oVWKIrSMZ5h4AaABAg', 'UgykGL4L1_TUO2Gocfl4AaABAg', 'UgyUeVCWpiga6M_z-1N4AaABAg', 'Ugz6k-o1rTMRklMJi9Z4AaABAg', 'UgwT_zyesnW0ZKduGZd4AaABAg', 'UgwQWiKR0BCmnW0aDat4AaABAg', 'UgzK0pQlIjWEBrHb62V4AaABAg', 'Ugx0f35n31veIFpM_mV4AaABAg', 'UgzNBVK2Yyi45fbfUZ14AaABAg', 'UgzQGnOXGyN8i0FMsn14AaABAg', 'UgzawIlRlE0y6PZsjZl4AaABAg', 'Ugx661rDWPHltO7jyOJ4AaABAg', 'UgxN7Ao0MRPijcO14qh4AaABAg', 'Ugx49FxVuvekuO1ORed4AaABAg', 'Ugx4ydeJ5YhdjG9L0oF4AaABAg', 'UgwGCrPmjvaMQWXV7JF4AaABAg', 'Ugwzhrk-DGAs8UKvOiZ4AaABAg', 'UgzdkE_axPBbFdvv8lt4AaABAg', 'UgzooHURXO_k12frpV94AaABAg', 'UgzjVj97xOUcABc62Wl4AaABAg', 'UgwAv0Nw6caadyLgcot4AaABAg', 'UgxIHTvl2pX7bPBNBmZ4AaABAg', 'UgwvjyRR4Uy-HblVx294AaABAg', 'UgxYU1p-7f3YBzo-Hzl4AaABAg', 'Ugx09RFcquma3mv9rmp4AaABAg', 'UgzBlK39gL3S3Dxzt3F4AaABAg', 'UgwXffSWoEPVzp03JhF4AaABAg', 'UgxJKhgm27-dS8CirtZ4AaABAg', 'UgyxSTG6hmYe0NSc_iV4AaABAg', 'Ugyx27DzSUXZF5R54ct4AaABAg', 'UgxAZvJg1yyUszgPDXF4AaABAg', 'Ugxqc2XtUBj-Wmao7xB4AaABAg', 'Ugy9usooQxq8xrUpA0F4AaABAg', 'UgwywpJqlvRgKN4UPMV4AaABAg', 'Ugz0Bi_N4xbyeFz7vPt4AaABAg', 'UgwyrtBsAIsNgM3snDF4AaABAg', 'UgwjTgyltVBj7MmZr-d4AaABAg', 'UgyrxTW8jI0BEnyQbw14AaABAg', 'UgwPHDxy_GPeQjCJzfB4AaABAg', 'UgzNa0yofgK1R7vuMhV4AaABAg', 'Ugw5cXs1DC-W9E-lEsB4AaABAg', 'UgzC4Y_kKTkSJgC15tR4AaABAg', 'UgzuenGqOOvZCUhMPLh4AaABAg']"
37,bqk1oL42r5s,video,https://www.youtube.com/watch?v=bqk1oL42r5s,,,,,2020-08-21T16:00:10Z,Arvin Ash,Quantum Mind: Is quantum physics responsible for consciousness &amp; free will?,"Get MagellanTV here: https://try.magellantv.com/arvinash and get an exclusive offer for our viewers: an extended, month-long trial, ...",135,"['UgzhCzhWoLl-aM8MkzN4AaABAg', 'UgzRkq3qHaAwf7oiodt4AaABAg', 'Ugzjxukqzv_JsUISUa94AaABAg', 'UgzHhJkk_mZto31IzPJ4AaABAg', 'Ugwl4-PxpvxjJOwxNXR4AaABAg', 'UgzbdYsLPyf1ZovkOOd4AaABAg', 'UgzIGxPlsjjnosB55UB4AaABAg', 'Ugz8mEQwCaUQt7Hy6T14AaABAg', 'Ugx3iWZ3MW0dIcCYAWh4AaABAg', 'UgwgTraz16f-qGArcwR4AaABAg', 'UgyWDM4TxW9DR-95lIN4AaABAg', 'UgzMbSKJ37H0C1cRpOx4AaABAg', 'Ugwe2SYgF3rZaMIYQjp4AaABAg', 'UgyeaHRPCNXhFdel9HJ4AaABAg', 'UgzZxIiCJ2DeuPv3-fd4AaABAg', 'UgwjFEBbnHNS9Dfv3jJ4AaABAg', 'UgwuI1l7v8OFLHlmZVV4AaABAg', 'UgyCvi6LqT3uO4LrWiV4AaABAg', 'UgxEvs--k4-P2xPRjS54AaABAg', 'UgxSmcFt76nbOopEe6Z4AaABAg', 'Ugwebcxxc1rsym3kWHd4AaABAg', 'UgxU5KjXIm17bw1thJV4AaABAg', 'UgyxKXgACyZIs7-X3Y94AaABAg', 'UgyxrtzPoz4199ewNop4AaABAg', 'UgxupKUEog6u5aS0mth4AaABAg', 'Ugxgu0kQuuwibnzwaX14AaABAg', 'Ugye3Au3RndsWZvhH6B4AaABAg', 'Ugx0e0QJBNIn5hlkkEZ4AaABAg', 'UgwqzyVZjM_U-BtXPQx4AaABAg', 'Ugz92c7WARbhqfkyI114AaABAg', 'UgzyZd3Cu5vHjngWGuJ4AaABAg', 'Ugxazd2LyIJiP5EtfnF4AaABAg', 'UgzeebrQvci6iyRyGR54AaABAg', 'UgyEKW2PWvGVZpvKoY94AaABAg', 'Ugw23yNnwIycj7paPqN4AaABAg', 'Ugzz1edPtDvmu9cFmkV4AaABAg', 'UgzFZutF2cYZaCoznYJ4AaABAg', 'UgyFtblk3c3-V-8DgEV4AaABAg', 'Ugx2SM0r1S0lyLHWhul4AaABAg', 'UgwC7OJAM9OfEhD8WFZ4AaABAg', 'UgyJaPntuKVHvec2tgZ4AaABAg', 'Ugxh9yShm6fcDPAppuB4AaABAg', 'UgwVA0G1nJoW0Lm_PGJ4AaABAg', 'UgxX8CLIklsfuBQhDzp4AaABAg', 'UgxBcgV3cJf6rdqT9TB4AaABAg', 'UgxJNr3zEm0pylz815p4AaABAg', 'Ugz3VNJ3pEx0WnpZca94AaABAg', 'Ugz2F9_hRvWLo26-o2l4AaABAg', 'Ugxh9ypVjJ7a1DtztYZ4AaABAg', 'UgxjWyJjN_RpyDRwb6t4AaABAg', 'UgzhHXzqbx2DmwTSaCR4AaABAg', 'UgyOpeqsZz6rxT_8UVB4AaABAg', 'UgxCCck2_81lp9O2JYt4AaABAg', 'UgyOHrZsvpzAKmIG6Sd4AaABAg', 'UgyZo5m7c98BBBbtUAR4AaABAg', 'Ugyfk31KaWp7zo0fIVJ4AaABAg', 'UgyTdcW3SdMft1vHqf14AaABAg', 'UgwueJIhKWcmvzjdl0J4AaABAg', 'UgyyYMxbxifsF52djox4AaABAg', 'UgypEksbI5CFQ6u4H_Z4AaABAg', 'UgwESLqt5RPsKmW_LCJ4AaABAg', 'UgymcsHCS-ixGSszPoB4AaABAg', 'UgwgiiZMfatE5v1rCv94AaABAg', 'UgzBLuRCKMUq1UwQ9h94AaABAg', 'UgyaDi9iXMcxsp4bvvF4AaABAg', 'UgyWHQ3kjM030miA7-54AaABAg', 'Ugxfo5upgib1otspg114AaABAg', 'UgyYPfjS9MIVwYG0d194AaABAg', 'UgzMiHL9dMAH9GlfyBp4AaABAg', 'UgzkW5NDjENnLhbHjqx4AaABAg', 'UgwlRigiiakGBIIQ2Dh4AaABAg', 'UgyqXTDBY6nPSY5TfXx4AaABAg', 'UgxY5AVYj0kDquSRQeJ4AaABAg', 'UgxizSQsiGb9wrK5f_h4AaABAg', 'UgyX9iMR1OtGV2LEGTd4AaABAg', 'Ugx9KmB3QWR8V-wBzZp4AaABAg', 'UgzAmlfJyUpuXXgExQZ4AaABAg', 'UgyTHg_qwgMQxO7vevJ4AaABAg', 'Ugz9mEbE3MOMF2W45r54AaABAg', 'UgzxMTRmT2KSGR4pRJ54AaABAg', 'Ugy_anX8yxPvti0rEfN4AaABAg']"
38,GXZHzjUyAZg,video,https://www.youtube.com/watch?v=GXZHzjUyAZg,,,,,2020-03-13T16:00:04Z,Microsoft,Quantum Impact: Bringing the power of quantum to chemistry (Ep. 3),Chemistry helps make up our world – yet there is still a lot we don't know. Because our most powerful classical computers are ...,129,"['Ugz-BUHQqq_TMAWf6Fx4AaABAg', 'UgwYw8KSTsyoNo2r2Ft4AaABAg', 'UgyfPc0UOeQrsnNYaiN4AaABAg', 'UgytNDBELEYAxQQ9LJd4AaABAg', 'UgxSLgvpwzI4i1sLH6B4AaABAg', 'UgyeWkTn-XS3C9vDJJp4AaABAg', 'UgyPxliJypvY3jq6mnZ4AaABAg', 'Ugy1FlAtaknNSRVTuQp4AaABAg', 'UgzkDZagJ5oFMJ3uVGp4AaABAg', 'UgyJ4mTUotjq1p2GXr54AaABAg', 'UgwxEn2S38F6J7tXUiV4AaABAg', 'Ugz8DmaYQXmeB0LsDDV4AaABAg', 'UgxFdD1Wh45LS_LHeHt4AaABAg', 'UgwgLnhwbs0YgNR_xBR4AaABAg', 'UgwJpvcdK9tZivnea2h4AaABAg', 'Ugw0hKsvC3jJ1PC3_1V4AaABAg', 'UgxvjYbB2DwW3pJxrGJ4AaABAg', 'Ugwtxy2BhGILyl-VCC14AaABAg', 'UgwiWfmdwQSUMLIiVK54AaABAg', 'UgxfcxYDTWKF0tSSW9N4AaABAg', 'UgzTqGNMqoGgVKZg-B14AaABAg', 'UgxyKcqgnNYN9TElind4AaABAg', 'UgxygomDPxrgulzczkB4AaABAg', 'UgxyjzouP3SGwL-Ibud4AaABAg', 'UgwP_woFdzfD51sKZbV4AaABAg', 'Ugx6yHj_PCkAEiNCdXd4AaABAg', 'Ugx8ooVy94_3iLTLAkJ4AaABAg', 'UgyGG6alEyOsoXMO6oF4AaABAg', 'UgwSnkL97Ut87RP9vqB4AaABAg', 'Ugy6HdPp-1tnlnUK56d4AaABAg', 'UgwAcj--0Z02QCn7pCh4AaABAg', 'UgyJiB5yw3B1HrdhN3R4AaABAg', 'UgzUcjgcOKWiusuado94AaABAg', 'UgwSQw_9FnX67QlNw2d4AaABAg', 'UgyLT6o8iElvHCMfAUB4AaABAg', 'UgwK5drxIXct0aEITNV4AaABAg', 'Ugws3WrebP1_iBkHqQp4AaABAg']"
39,83xDqZCLhdE,video,https://www.youtube.com/watch?v=83xDqZCLhdE,,,,,2020-09-18T13:20:01Z,AGRI nova Science,Características y beneficios de Quantum,Nuestro técnico Juan Jesús León nos habla sobre el producto Quantum. Organizada por AGRI nova Science.,102,['Ugy2Hl9fFM7vnwJO0YV4AaABAg']
40,2P7jKUBU2g4,video,https://www.youtube.com/watch?v=2P7jKUBU2g4,,,,,2020-03-05T15:26:24Z,Perimeter Institute for Theoretical Physics,The Quantum Revolution: Shohini Ghose Public Lecture,"In her live public lecture at Perimeter Institute on March 4, 2020, Shohini Ghose – professor of physics and computer science at ...",132,"['UgwZKJHl0e4es6XJJS94AaABAg', 'UgylnysZDfjvtMeYq194AaABAg', 'UgzhFX0odhRrUD8UzUl4AaABAg', 'UgyXeObBowYsP1zejiF4AaABAg', 'Ugw8iTU41ys-OfVa4L54AaABAg', 'UgxxRyXnFFAi9IFP3s94AaABAg', 'Ugzo4Xqcmf9ZQvU7AU94AaABAg', 'UgwIV9wghL0bLnaSaWd4AaABAg', 'UgxKXRAF9c4xki6_zHl4AaABAg', 'Ugxvesuxa7X7uEqAtyN4AaABAg', 'UgyGpo7Ui-3iCruqdZJ4AaABAg', 'Ugxalu4uJe-_jW3pRw54AaABAg', 'UgxrG0UTXoe4oLvtrlF4AaABAg', 'Ugyc6PhVCeGfurK8zyt4AaABAg', 'UgyQPr0YptCcf6s92mp4AaABAg']"
41,zXmHx-9-maM,video,https://www.youtube.com/watch?v=zXmHx-9-maM,,,,,2020-04-04T15:00:26Z,Chris Stuckmann,Quantum of Solace - Movie Review,"Chris Stuckmann reviews Quantum of Solace, starring Daniel Craig, Olga Kurylenko, Mathieu Amalric, Judi Dench, Gemma ...",120,"['UgzGjMYDVNL6BhTqVKR4AaABAg', 'Ugy3rdydl_v5BUIBMnh4AaABAg', 'UgzMiWeb6n6UhX2r_yt4AaABAg', 'UgyLz7Rk-GN_M_R4Pq14AaABAg', 'UgxyGxgY690RmyYTVdt4AaABAg', 'UgxO8J1dP233aIZIAXt4AaABAg', 'UgyckBmzjXA3t68GjHl4AaABAg', 'Ugz4dg8IWE3LS9x0mzN4AaABAg', 'UgzUQAvFVuiV1kNWr5p4AaABAg', 'Ugw3EncWyRWIypU2Yrx4AaABAg', 'UgybH5GrosNCgVOLpVB4AaABAg', 'Ugze0CA5_6qtc6ZyOG14AaABAg', 'Ugy23YdV3xmjnkPsJeF4AaABAg', 'UgwWVOirBZZ5mZct2rx4AaABAg', 'Ugxf-YC1oZmAsZqkcY54AaABAg', 'UgwmY6uM1pH3J8JnnOR4AaABAg', 'Ugx5vOW6lxdaXT6uMC94AaABAg', 'Ugw9EdxijMQUuDOlapR4AaABAg', 'Ugwki9SuOqykghMZrfJ4AaABAg', 'UgwV4LUstxC7F5l7ICN4AaABAg', 'UgxVPkC7diRQYIiIdFt4AaABAg', 'Ugz0gA0jMEq-gA0Vw9l4AaABAg', 'UgwOESqNzYzCr3NQNPd4AaABAg', 'UgwCHzsls7yC-HTg4sR4AaABAg', 'UgxXnh9-qDp_ID-iKgp4AaABAg', 'Ugz4BshA07_UWlk2YM54AaABAg', 'UgythrMj8aKG-J8EKhN4AaABAg', 'UgyJ-V3SFmr0Qstz_bZ4AaABAg', 'UgwxtiJs4rSfs5qRm9l4AaABAg', 'UgxW9PT7585COhUVdcF4AaABAg', 'Ugw6DZsKuJBTdZNuCaJ4AaABAg', 'UgyCf3WnO1GSJjQuwQB4AaABAg', 'Ugw8gMYT4E0E4z8VQnN4AaABAg', 'Ugw-WBxNhERJVlELGt94AaABAg', 'UgyMvsYq-F0iGu-IHKZ4AaABAg', 'Ugz5fdWSUkpcBdcSO5h4AaABAg', 'UgxSIIZkplmIHdfrOnh4AaABAg', 'Ugz6p_UO5-0Z3rGgY7p4AaABAg', 'UgwQ28UCLnmqWY9tjiN4AaABAg', 'UgzTN8y7QW53d4-7hAV4AaABAg', 'UgzQQzFiNUZJog-JfPt4AaABAg', 'UgxgnXWHNgWL6lXy2aV4AaABAg', 'UgwoKbofRBFnq0fl9tV4AaABAg', 'Ugx7x1CRHiwmJqTI7il4AaABAg', 'UgzGWPs2CzMDbvUof7F4AaABAg', 'UgxlVfaawiSaXlyE18F4AaABAg', 'UgyTWCN_Gj7NMOqwVMp4AaABAg', 'Ugwea-Tqwk6Sj97hi154AaABAg', 'UgyOSfXLO8pRHHraOyh4AaABAg', 'UgwAChb40aMlcJr6w_Z4AaABAg', 'UgxbcHANp4fygQKKPop4AaABAg', 'Ugy2H1sav1UNOKDnvUN4AaABAg', 'Ugw9kQn8PzmpSCnNel14AaABAg', 'Ugx2IY1RB12MFPFP6Rd4AaABAg', 'Ugyza1FTtSkZ-hFFCqJ4AaABAg', 'UgzDJD2sXk8AjIFfLZ54AaABAg', 'UgzYytmbaHVlbuE6gqR4AaABAg', 'UgynV52HXbxIRGKrHGh4AaABAg', 'UgzThVeLeNvG7Z_XHut4AaABAg', 'Ugy0fK4oh0BC05xmEkZ4AaABAg', 'Ugzassh7UxHnMb81qQR4AaABAg', 'UgzdH6f6UlBNt2wZI554AaABAg', 'UgxbMiBQmBPw-h9u-o94AaABAg', 'UgzpDFyLv1ourk7Aoz14AaABAg']"
42,EVptrZpwYWg,video,https://www.youtube.com/watch?v=EVptrZpwYWg,,,,,2020-07-23T02:22:31Z,UNSW,World first bachelor’s degree in Quantum Engineering at UNSW Sydney,"UNSW Sydney has introduced the world's first undergraduate degree in quantum engineering, in response to a growing need for ...",127,"['UgxyQW70xzmcz2watwB4AaABAg', 'UgxdaPeWTUiWOfqutgB4AaABAg', 'UgwodvZWA1Vq6U2scsZ4AaABAg', 'UgwlRpQHTjb8cKYkvJ94AaABAg', 'UgxRIlls1sh05-_Wtid4AaABAg', 'UgxhzTsqspaJW7jVIGZ4AaABAg', 'UgwkRQt5GtKvlZp5CD94AaABAg', 'Ugw4SJW7Tp9AWVZgEfl4AaABAg', 'Ugznd0Raw-Q_VKOHHQN4AaABAg', 'Ugya2wZyL4EJLpuzTI14AaABAg', 'UgwYx191tOjtzRasK9d4AaABAg', 'UgzDjxyAagBBWf73U8V4AaABAg', 'Ugx7p-Ps56-YwRIgb754AaABAg']"
43,BJlkkOIFjx4,video,https://www.youtube.com/watch?v=BJlkkOIFjx4,,,,,2020-05-05T14:13:11Z,Sean Carroll,The Biggest Ideas in the Universe | 7. Quantum Mechanics,The Biggest Ideas in the Universe is a series of videos where I talk informally about some of the fundamental concepts that help us ...,135,"['UgzdfNaepkpNGW5Sp0Z4AaABAg', 'UgyGdagfCZM79fKGm654AaABAg', 'Ugwc3_oVJ6_rZGUxZ6F4AaABAg', 'UgyS_T-LNbSnToMfS1B4AaABAg', 'UgzE8V08opfBditTzjx4AaABAg', 'UgwNxpmk_RoNPle_A8B4AaABAg', 'UgyERnLdWuiQ_j-kTPp4AaABAg', 'UgwuFPCTOq-xMikHLgh4AaABAg', 'UgzUeI010NRFEdOwA7x4AaABAg', 'UgwB87I7BHEEE9_ac1Z4AaABAg', 'UgyVhQF_m6o5SVAskpV4AaABAg', 'Ugy0MZzN7KfE13zn8op4AaABAg', 'UgzfNLd2cZiRAIVNLKB4AaABAg', 'UgzFOA45b6icFgRo1NB4AaABAg', 'UgyhuO86fO5nAb8fA4h4AaABAg', 'UgySFEIOWKdMdEDNIWd4AaABAg', 'UgymnhLG2R8DikTZb-J4AaABAg', 'UgwdiWhQ-MP10n87-3Z4AaABAg', 'UgwM-FGNF3qlAtSdnKh4AaABAg', 'UgzK8-JYa62FfTWkmwt4AaABAg', 'UgzosDs_5vPVL-q78K54AaABAg', 'UgzNiK0lUwgExCTPtRt4AaABAg', 'Ugztk0fT3BqDqDiRanN4AaABAg', 'UgzNc2l5gZkC2IZy-M14AaABAg', 'UgyFvxXTDQmsZBNhYtB4AaABAg', 'UgxIOuT5fmosd97n6zB4AaABAg', 'UgzT-RP-_gBmxAsUlBp4AaABAg', 'UgzEcwhE3NBXkiJmBmt4AaABAg', 'UgyZ653H6baDw1S0_kF4AaABAg', 'Ugwmfw3UA7vQBUgr5vp4AaABAg', 'Ugye7PvtHVxaevKtKeR4AaABAg', 'UgxHWZCWcFQW3uJVlwR4AaABAg', 'Ugx25mjY22hpU6lpbpx4AaABAg', 'UgziW2-R9CbJU9Yv6Bd4AaABAg', 'UgxmUyBqRClnfjYmirZ4AaABAg', 'Ugz_jXePmKbVQB7gxWx4AaABAg', 'UgxZTwTk1KpU4EJ05rV4AaABAg', 'Ugyk87aHLsmg8ur6LzR4AaABAg', 'Ugyp2E5kZ0cxq512Fjt4AaABAg', 'UgyEIlB2cADiYq89kil4AaABAg', 'UgwGV5LLu2SEfHPEch14AaABAg', 'UgxsVV9kB0HXtZVlUXF4AaABAg', 'UgxfyUKBxZG_kO272Cp4AaABAg', 'UgwAZdN4kmCXUTF30PJ4AaABAg', 'UgwTmkF_76LKvs8z5414AaABAg', 'Ugz87-sBN-XXy8lVCFd4AaABAg', 'UgzpfHRjMuRY3o9gYh54AaABAg', 'Ugwi2UlEnWsU7BhFKJJ4AaABAg', 'Ugw0vcDNX4q9_4ui3y54AaABAg', 'Ugw57xhVhW_4BP4GNOZ4AaABAg', 'UgxjZeJEFNEtJqrBv8d4AaABAg', 'Ugx4SyIojpjG2CRwx4Z4AaABAg', 'UgzFwuht-gA7hXwQxEB4AaABAg', 'UgztKdG_S1uzXKJq0c94AaABAg', 'UgyrE5qmfzMC3UNhO-R4AaABAg', 'UgyLgoNEHh8HcR_GHbV4AaABAg', 'UgwA0NeM4vySRP_0myd4AaABAg', 'UgwzB_MTUoZJoT7QT0l4AaABAg', 'Ugw-tle2rBfMrKBY-hN4AaABAg', 'UgyB_XHe3_MxU4DUrlF4AaABAg', 'UgxFusVE3gZSryO3ppd4AaABAg', 'Ugz_mMJHpTy4Lwpye654AaABAg', 'Ugz-ZNuWDSRGPnt5CVZ4AaABAg', 'Ugy-vtHAf7wzFr2YSAR4AaABAg', 'UgzdjWnVyDwCTi8BZ9p4AaABAg', 'Ugzusi-WDXsfqrPxZwx4AaABAg', 'UgxxUiLZSVBXYB87lCd4AaABAg', 'Ugyzr6_ae5QijSI9RUF4AaABAg', 'Ugw39CXH9Jk-2kh9zZZ4AaABAg', 'Ugz2Y1nJHkr_TBC5Z994AaABAg', 'UgwMwiHr8AqkESyrJUl4AaABAg', 'UgynJTMxC_rnhuGNJ594AaABAg', 'UgynSoBa8Ztrpy0UJzB4AaABAg', 'UgwSbIgY3yERgbemKyN4AaABAg', 'UgyZbnD8NTmijOap8Ah4AaABAg', 'Ugwc6kGTmvXomIcxITx4AaABAg']"
44,K6aaOK0V9Us,video,https://www.youtube.com/watch?v=K6aaOK0V9Us,,,,,2020-09-16T10:59:47Z,Seeker,Scientists Explore the Breaking Point Between Classical and Quantum Physics,"Crazy, but true: quantum objects can stay cool despite a growing energy supply. To understand how that happens, we must first ...",129,"['UgyvMjmEYIEL8izm2PR4AaABAg', 'UgxR-TR9_0xncGbfEf94AaABAg', 'UgwgyEXS5eVJXKCcNNB4AaABAg', 'UgxBJQrZTZyeGOmZxIt4AaABAg', 'UgzLuBQPzBwgEgV5kfp4AaABAg', 'Ugzkw-DcAQoAqX87Csl4AaABAg', 'Ugz68MVD-JOshp1G0w94AaABAg', 'UgwVU8hGBk3gtXufX-F4AaABAg', 'Ugypv7W1LyyxhtTl-sx4AaABAg', 'UgzsLphUgFu3i0e9MzJ4AaABAg', 'UgwcIygQk-kDOhtb2qB4AaABAg', 'UgyIEjFX8QXG8ypL1TJ4AaABAg', 'Ugw27H1m3p4Q-PVsCC14AaABAg', 'UgwWESyUjlsyfN_8bsx4AaABAg', 'UgzLxGoD5TvBht9ugPx4AaABAg', 'UgxX2DJ2wVJudg0et_x4AaABAg', 'Ugwks9mhWM8PooKehbN4AaABAg', 'UgxaXSsoei3ZtZyRySN4AaABAg', 'UgxAxhQgsKLYjs9ezSh4AaABAg', 'Ugw33cAio1AJ34UD_FB4AaABAg', 'Ugy2i38qhQAhWqpSLwt4AaABAg', 'UgylesmrPOymPjuT1AB4AaABAg', 'Ugy_ZTSyOYZ9KrpuThp4AaABAg', 'UgxjtDitUClhbU2P6HV4AaABAg', 'UgwCJ7mJDaKL0sq8Nct4AaABAg', 'UgxNF1f587youMl8-2d4AaABAg', 'Ugy6Rpl5M_H_tDGkrGB4AaABAg', 'UgwJROwiMQfbhCxLFad4AaABAg', 'UgyolmTmiLwsxUfIeEp4AaABAg', 'UgwhPUS128auYA33oKd4AaABAg', 'Ugwrj6mU4dISyhBuMhJ4AaABAg', 'UgzRXp-zdBXEQMXiOoB4AaABAg', 'Ugx0tFcjLBupPtbtvzh4AaABAg', 'Ugzh9eFufjmcrpR3LQl4AaABAg', 'Ugz-M8f4-vvz42l9cIB4AaABAg', 'Ugz4ZKgaqvpLJZsKWMZ4AaABAg', 'Ugz1xyVWufPwqW8zrCd4AaABAg', 'UgwT5tCRnYijqj9Bkk14AaABAg', 'UgwRFRaIhyWBIDArdAZ4AaABAg', 'UgyiL8yDdpHxA3wLCfJ4AaABAg', 'Ugz_rfaDgL62blw-rT14AaABAg', 'UgySyUxpSmBlMUYJwHR4AaABAg', 'UgyXq_QU1xj8i6i6f6V4AaABAg', 'UgynqNNox42Af-T3n4F4AaABAg', 'Ugzp_ASUJuIY1gr0j0d4AaABAg', 'UgxhWfeo7tRuqKD1YCJ4AaABAg', 'UgwYbR3l2EhTxX3GfXx4AaABAg', 'UgxWM_zgtUF_OzMWjxB4AaABAg', 'UgwROHFtCxWjekG2tjV4AaABAg', 'UgyJPXjXmuN0AbBoq6l4AaABAg', 'UgyXn6lZrfEUh3lEeMB4AaABAg', 'UgzxgRhgQ9KIo82FEdJ4AaABAg', 'UgzFr76rXsJfg4wB30V4AaABAg', 'UgxVVKgsEbu25rpGqW14AaABAg', 'UgxDEtCv16gJUzSCull4AaABAg', 'Ugxw2AiCiUFqAmQdrdN4AaABAg', 'UgypQ--m-NIQWwit9KZ4AaABAg', 'UgxpHmKk03tjZRs0oQp4AaABAg', 'Ugy1OP-Bsp23dPUelK94AaABAg', 'Ugxpselocj4GSNCf5U14AaABAg', 'UgyhfmjOl7F0MPJBWwB4AaABAg', 'UgxxYpFxDgvxyXwM59J4AaABAg', 'UgwdrA__KL_-fCaZkxF4AaABAg', 'UgwnKBvA1JE5c9ompAV4AaABAg', 'Ugygt0C2aWJHYsLm7IV4AaABAg', 'UgzIQNbWrjyceVnZ7lh4AaABAg', 'Ugyfl0HmIM2KYdUEW_V4AaABAg', 'UgxTRIhoRkjaM8P7Rvl4AaABAg', 'Ugw1PG5_lK0yPSziX454AaABAg', 'UgxizSHH1KrrCHpgWlt4AaABAg', 'UgzQkenJ6kSDpZ7lRCZ4AaABAg', 'Ugz6IDAHndYu1dvzc8d4AaABAg', 'UgyWguKtqt0RfWuLprR4AaABAg', 'Ugxb2qH4103O5qhGBmJ4AaABAg', 'UgwamRNfQ-aSv07Walx4AaABAg', 'Ugw40Yl4G2sv7nXjGLp4AaABAg', 'Ugy0J_1cwIkkNnKWzq54AaABAg', 'UgxjbIXrkshnfwZm0Ix4AaABAg', 'UgyYJppFygbF-7brBg94AaABAg', 'Ugx4qsC6xB0D1z-sjcp4AaABAg', 'UgzC68y7IR-y9WSMN2R4AaABAg', 'UgwuWwZdNWc7ZHx7LVd4AaABAg', 'Ugxq_vCk8ODyHYqlZRp4AaABAg', 'Ugz8Ki9KCmEJl4sGpJ54AaABAg']"
45,AYGHS9hXgyw,video,https://www.youtube.com/watch?v=AYGHS9hXgyw,,,,,2020-10-25T21:00:01Z,Pretty Much Physics,Bloch Sphere | Visualizing Qubits and Spin | Quantum Information,"In this video, we will investigate the Bloch sphere. This is a geometrical representation of a quantum state in a two-level system, ...",135,"['UgyU1dRbYzDPeG3zD2B4AaABAg', 'UgwQiFOK_iV5MwsiCm94AaABAg', 'Ugz0CznE-kwUVJn6L394AaABAg', 'UgxFnxrKsv9Q0OY19ep4AaABAg', 'Ugychoy7qs8uQMtFc4h4AaABAg', 'Ugw_fl-iE5YLNqn_5Vp4AaABAg', 'Ugy6ryPvafOvXO9tPFh4AaABAg', 'UgzUeTJD69Q_o_2QOBF4AaABAg', 'UgxuUpaYBqmEU3LfEFd4AaABAg', 'UgxsJafUp9YVNWh50zZ4AaABAg', 'Ugyu37WJfPgslpvX9dR4AaABAg', 'UgzJX8GjKAMvhG-lro54AaABAg', 'Ugx8-7caNZt4LTuGmVN4AaABAg', 'UgzZI-gvDIBjL9-YY_14AaABAg', 'Ugwz735Pm6g660kiHpR4AaABAg', 'Ugxh-gGTCR_2PmMIow94AaABAg', 'Ugw3V5onK8poFb3J9jh4AaABAg', 'UgyJDLlEqSUmbxovZFl4AaABAg', 'UgyFdr4hLyZnn1Kt3zN4AaABAg', 'UgxuZyRjrBlJhhExCz14AaABAg']"
46,XL9wWeEmQvo,video,https://www.youtube.com/watch?v=XL9wWeEmQvo,,,,,2020-05-29T14:39:01Z,Sabine Hossenfelder,Understanding Quantum Mechanics #3: Non-locality,"Correction: At 1:30 mins, it should have been ""Bohm"" not ""Bohr"". Sorry about that. Locality means that to get from one point to ...",131,"['UgwPdgOmb88of_Keudh4AaABAg', 'UgyIeNZYIM4XIs10VXR4AaABAg', 'UgzAzLGmnxj0HVUy2Kd4AaABAg']"
47,AENACf7UDB4,video,https://www.youtube.com/watch?v=AENACf7UDB4,,,,,2020-02-11T23:04:06Z,UNSW,Artificial atoms create stable qubits for quantum computing,Scientists and engineers have long dreamt of creating artificial atoms in order to use their electrons as qubits in a quantum ...,129,"['Ugzv2MFyk96NKSeZLoJ4AaABAg', 'UgwbUUAMR8OT1gmLXQJ4AaABAg', 'Ugy95d7iDpW2os0qXoV4AaABAg', 'UgzFkxMXrEbbFNyGFlh4AaABAg', 'Ugw5tWNKOc8dT1anOtd4AaABAg', 'Ugz4XSj1ODW9bERQMGp4AaABAg', 'UgyB3DfvLptu3oAqUjx4AaABAg', 'UgyuzYQ2CRk1wZP5-kp4AaABAg', 'Ugz4-EQLeXs_IpOOypl4AaABAg', 'Ugxr-9Bz13Fm8acLRFB4AaABAg', 'UgyaCVJRLKuLQvYYLj54AaABAg', 'UgwHs9_95jvupwBB1LB4AaABAg']"
48,KU9Z6WivvOg,video,https://www.youtube.com/watch?v=KU9Z6WivvOg,,,,,2020-11-18T22:00:06Z,SciShow,How Quantum Mechanics Affects Your Life,"While you might not think about quantum mechanics being part of your everyday life, it turns out that it might play a role in some of ...",137,"['UgywXKNfQLzGU8KYbBF4AaABAg', 'Ugymyi8kV3jD0APSeJV4AaABAg', 'UgypbeUhrccyC2U08Gp4AaABAg', 'Ugzd7XO1DUilNTYdeSF4AaABAg', 'UgwPTwcAWlmlQIdqPoR4AaABAg']"
49,OKbcJCUx6xA,video,https://www.youtube.com/watch?v=OKbcJCUx6xA,,,,,2020-11-20T14:00:05Z,Qiskit,Quantum Machine Learning — Programming on Quantum Computers — Coding with Qiskit S2E6,Your formal invite to weekly Qiskit videos ▻ https://ibm.biz/q-subscribe Season 1 – https://youtu.be/a1NZC5rqQD8 Data Sets: ...,127,"['Ugzd6GQsxfGe1-AFbcZ4AaABAg', 'UgyONMa7bFDdZiEu5D14AaABAg', 'UgyFvFE8LjTBh6tjQnR4AaABAg', 'UgyM6pf8Y1MzkgHYgod4AaABAg', 'Ugz5Ndt-e7KFuujdbex4AaABAg', 'UgzBpuCqojjXOLry5pd4AaABAg', 'UgxOk-OtxhVXyZ4G6oR4AaABAg', 'UgwjbuMelTypAMaC_e14AaABAg', 'UgxWiiwxajnT4pLREaR4AaABAg', 'Ugyi72fYZ55kLigKTnR4AaABAg', 'UgzJBgLHK0d-zQ1UAw54AaABAg', 'Ugx96LbH_zSWELs7HCl4AaABAg', 'Ugx27bpNsB0i_aS0pF54AaABAg', 'Ugyiu2-Ihb8ty6oxdyF4AaABAg', 'UgyRyFUKXyZP4c0Swnl4AaABAg', 'Ugz9UiMDZO1TbH3bwLx4AaABAg', 'UgzeEnKLyF7YgMVNLdN4AaABAg', 'UgxSMkD2FCThBTnAi514AaABAg', 'Ugw-o3wyZ4hkl8i3vL14AaABAg', 'Ugz_1RB0slAEw2KxfFt4AaABAg', 'UgzuU_2PFwYIRoElqZR4AaABAg', 'Ugwf8wj6z9dKyoDR9JN4AaABAg', 'UgwcIzfmnoZHZiui_nV4AaABAg', 'Ugw7fbu0NPhfhdKtQqF4AaABAg', 'UgwATK43BYNU1XG74oJ4AaABAg', 'UgwOCJaHxApe_eonkkl4AaABAg', 'Ugz4SYr63_8K76HAoUl4AaABAg', 'UgwofC-gYxkJLWkZ-nh4AaABAg', 'UgyCuikQAFwf55Lxytt4AaABAg', 'UgxCsqzm_laGgxO8rZl4AaABAg', 'Ugzxmay-89TUfxgqDpF4AaABAg', 'UgySx5Igtk7gnAmy-f94AaABAg', 'UgztY-ShurZtOWAhlDJ4AaABAg', 'UgxgCjJxdqiiMXqf6JB4AaABAg', 'UgzZPz6DZeUmBI-aK6Z4AaABAg', 'UgwmetTMnUnvvcjvO0x4AaABAg', 'UgywWU__zgpKCvyiuFx4AaABAg', 'UgywVDNvmiiBfHxE3T14AaABAg']"
